Time (min),[HOCl]0 (mg/L),[Fe3+]0 (mg/L),UV254 (mW/cm2),pH,HCO3- (mM),SO42- (mM),NO2- (mM),"Probe=1,4-DMOB",Probe=PMSO,Probe=BA,Probe=NB,Probe=CBZ,Ct/C0 (output),System / Notes
0,5,7,0,3,0,0,0,1,0,0,0,0,1,HOCl/Fe(III)
0,5,7,0,3,0,0,0,0,1,0,0,0,1,HOCl/Fe(III)
0,5,7,0,3,0,0,0,0,0,1,0,0,1,HOCl/Fe(III)
0,5,7,0,3,0,0,0,0,0,0,1,0,1,HOCl/Fe(III)
0,5,7,0,3,0,0,0,0,0,0,0,1,1,HOCl/Fe(III)
2,5,7,0,3,0,0,0,1,0,0,0,0,0.972262828,HOCl/Fe(III)
2,5,7,0,3,0,0,0,0,1,0,0,0,0.956268557,HOCl/Fe(III)
2,5,7,0,3,0,0,0,0,0,1,0,0,0.984788913,HOCl/Fe(III)
2,5,7,0,3,0,0,0,0,0,0,1,0,0.992163311,HOCl/Fe(III)
2,5,7,0,3,0,0,0,0,0,0,0,1,0.992391901,HOCl/Fe(III)
4,5,7,0,3,0,0,0,1,0,0,0,0,0.945068217,HOCl/Fe(III)
4,5,7,0,3,0,0,0,0,1,0,0,0,0.940869699,HOCl/Fe(III)
4,5,7,0,3,0,0,0,0,0,1,0,0,0.97026352,HOCl/Fe(III)
4,5,7,0,3,0,0,0,0,0,0,1,0,0.988015277,HOCl/Fe(III)
4,5,7,0,3,0,0,0,0,0,0,0,1,0.985354959,HOCl/Fe(III)
6,5,7,0,3,0,0,0,1,0,0,0,0,0.934911013,HOCl/Fe(III)
6,5,7,0,3,0,0,0,0,1,0,0,0,0.906198985,HOCl/Fe(III)
6,5,7,0,3,0,0,0,0,0,1,0,0,0.958518649,HOCl/Fe(III)
6,5,7,0,3,0,0,0,0,0,0,1,0,0.979781739,HOCl/Fe(III)
6,5,7,0,3,0,0,0,0,0,0,0,1,0.978025116,HOCl/Fe(III)
8,5,7,0,3,0,0,0,1,0,0,0,0,0.885329944,HOCl/Fe(III)
8,5,7,0,3,0,0,0,0,1,0,0,0,0.869676684,HOCl/Fe(III)
8,5,7,0,3,0,0,0,0,0,1,0,0,0.945226248,HOCl/Fe(III)
8,5,7,0,3,0,0,0,0,0,0,1,0,0.961207214,HOCl/Fe(III)
8,5,7,0,3,0,0,0,0,0,0,0,1,0.96844726,HOCl/Fe(III)
10,5,7,0,3,0,0,0,1,0,0,0,0,0.861192646,HOCl/Fe(III)
10,5,7,0,3,0,0,0,0,1,0,0,0,0.823096644,HOCl/Fe(III)
10,5,7,0,3,0,0,0,0,0,1,0,0,0.94101143,HOCl/Fe(III)
10,5,7,0,3,0,0,0,0,0,0,1,0,0.948880743,HOCl/Fe(III)
10,5,7,0,3,0,0,0,0,0,0,0,1,0.961124739,HOCl/Fe(III)
12,5,7,0,3,0,0,0,1,0,0,0,0,0.857957808,HOCl/Fe(III)
12,5,7,0,3,0,0,0,0,1,0,0,0,0.770085348,HOCl/Fe(III)
12,5,7,0,3,0,0,0,0,0,1,0,0,0.930128395,HOCl/Fe(III)
12,5,7,0,3,0,0,0,0,0,0,1,0,0.945084982,HOCl/Fe(III)
12,5,7,0,3,0,0,0,0,0,0,0,1,0.960348552,HOCl/Fe(III)
0,5,7,0,5,0,0,0,1,0,0,0,0,1,HOCl/Fe(III)
0,5,7,0,5,0,0,0,0,1,0,0,0,1,HOCl/Fe(III)
0,5,7,0,5,0,0,0,0,0,1,0,0,1,HOCl/Fe(III)
0,5,7,0,5,0,0,0,0,0,0,1,0,1,HOCl/Fe(III)
0,5,7,0,5,0,0,0,0,0,0,0,1,1,HOCl/Fe(III)
2,5,7,0,5,0,0,0,1,0,0,0,0,0.983374982,HOCl/Fe(III)
2,5,7,0,5,0,0,0,0,1,0,0,0,0.975291914,HOCl/Fe(III)
2,5,7,0,5,0,0,0,0,0,1,0,0,0.985085037,HOCl/Fe(III)
2,5,7,0,5,0,0,0,0,0,0,1,0,0.99406078,HOCl/Fe(III)
2,5,7,0,5,0,0,0,0,0,0,0,1,0.995613975,HOCl/Fe(III)
4,5,7,0,5,0,0,0,1,0,0,0,0,0.943431964,HOCl/Fe(III)
4,5,7,0,5,0,0,0,0,1,0,0,0,0.928195114,HOCl/Fe(III)
4,5,7,0,5,0,0,0,0,0,1,0,0,0.974437623,HOCl/Fe(III)
4,5,7,0,5,0,0,0,0,0,0,1,0,0.98718492,HOCl/Fe(III)
4,5,7,0,5,0,0,0,0,0,0,0,1,0.990006467,HOCl/Fe(III)
6,5,7,0,5,0,0,0,1,0,0,0,0,0.911439349,HOCl/Fe(III)
6,5,7,0,5,0,0,0,0,1,0,0,0,0.902674053,HOCl/Fe(III)
6,5,7,0,5,0,0,0,0,0,1,0,0,0.965082431,HOCl/Fe(III)
6,5,7,0,5,0,0,0,0,0,0,1,0,0.981433029,HOCl/Fe(III)
6,5,7,0,5,0,0,0,0,0,0,0,1,0.985385012,HOCl/Fe(III)
8,5,7,0,5,0,0,0,1,0,0,0,0,0.894241329,HOCl/Fe(III)
8,5,7,0,5,0,0,0,0,1,0,0,0,0.878763002,HOCl/Fe(III)
8,5,7,0,5,0,0,0,0,0,1,0,0,0.959041334,HOCl/Fe(III)
8,5,7,0,5,0,0,0,0,0,0,1,0,0.978850359,HOCl/Fe(III)
8,5,7,0,5,0,0,0,0,0,0,0,1,0.980329388,HOCl/Fe(III)
10,5,7,0,5,0,0,0,1,0,0,0,0,0.885399589,HOCl/Fe(III)
10,5,7,0,5,0,0,0,0,1,0,0,0,0.857179293,HOCl/Fe(III)
10,5,7,0,5,0,0,0,0,0,1,0,0,0.954002744,HOCl/Fe(III)
10,5,7,0,5,0,0,0,0,0,0,1,0,0.975300339,HOCl/Fe(III)
10,5,7,0,5,0,0,0,0,0,0,0,1,0.975136175,HOCl/Fe(III)
12,5,7,0,5,0,0,0,1,0,0,0,0,0.877290019,HOCl/Fe(III)
12,5,7,0,5,0,0,0,0,1,0,0,0,0.833403738,HOCl/Fe(III)
12,5,7,0,5,0,0,0,0,0,1,0,0,0.950780621,HOCl/Fe(III)
12,5,7,0,5,0,0,0,0,0,0,1,0,0.972220175,HOCl/Fe(III)
12,5,7,0,5,0,0,0,0,0,0,0,1,0.971156801,HOCl/Fe(III)
0,5,7,0,7,0,0,0,1,0,0,0,0,1,HOCl/Fe(III)
0,5,7,0,7,0,0,0,0,1,0,0,0,1,HOCl/Fe(III)
0,5,7,0,7,0,0,0,0,0,1,0,0,1,HOCl/Fe(III)
0,5,7,0,7,0,0,0,0,0,0,1,0,1,HOCl/Fe(III)
0,5,7,0,7,0,0,0,0,0,0,0,1,1,HOCl/Fe(III)
2,5,7,0,7,0,0,0,1,0,0,0,0,0.98468355,HOCl/Fe(III)
2,5,7,0,7,0,0,0,0,1,0,0,0,0.962435959,HOCl/Fe(III)
2,5,7,0,7,0,0,0,0,0,1,0,0,0.990997998,HOCl/Fe(III)
2,5,7,0,7,0,0,0,0,0,0,1,0,0.998416246,HOCl/Fe(III)
2,5,7,0,7,0,0,0,0,0,0,0,1,0.998622077,HOCl/Fe(III)
4,5,7,0,7,0,0,0,1,0,0,0,0,0.968602075,HOCl/Fe(III)
4,5,7,0,7,0,0,0,0,1,0,0,0,0.939881348,HOCl/Fe(III)
4,5,7,0,7,0,0,0,0,0,1,0,0,0.985039498,HOCl/Fe(III)
4,5,7,0,7,0,0,0,0,0,0,1,0,0.996571961,HOCl/Fe(III)
4,5,7,0,7,0,0,0,0,0,0,0,1,0.996726522,HOCl/Fe(III)
6,5,7,0,7,0,0,0,1,0,0,0,0,0.952982803,HOCl/Fe(III)
6,5,7,0,7,0,0,0,0,1,0,0,0,0.924270258,HOCl/Fe(III)
6,5,7,0,7,0,0,0,0,0,1,0,0,0.983084893,HOCl/Fe(III)
6,5,7,0,7,0,0,0,0,0,0,1,0,0.996188021,HOCl/Fe(III)
6,5,7,0,7,0,0,0,0,0,0,0,1,0.992589109,HOCl/Fe(III)
8,5,7,0,7,0,0,0,1,0,0,0,0,0.939196404,HOCl/Fe(III)
8,5,7,0,7,0,0,0,0,1,0,0,0,0.916621237,HOCl/Fe(III)
8,5,7,0,7,0,0,0,0,0,1,0,0,0.980386322,HOCl/Fe(III)
8,5,7,0,7,0,0,0,0,0,0,1,0,0.992759982,HOCl/Fe(III)
8,5,7,0,7,0,0,0,0,0,0,0,1,0.98890189,HOCl/Fe(III)
10,5,7,0,7,0,0,0,1,0,0,0,0,0.928772931,HOCl/Fe(III)
10,5,7,0,7,0,0,0,0,1,0,0,0,0.907930763,HOCl/Fe(III)
10,5,7,0,7,0,0,0,0,0,1,0,0,0.974901255,HOCl/Fe(III)
10,5,7,0,7,0,0,0,0,0,0,1,0,0.991772707,HOCl/Fe(III)
10,5,7,0,7,0,0,0,0,0,0,0,1,0.984697039,HOCl/Fe(III)
12,5,7,0,7,0,0,0,1,0,0,0,0,0.920070765,HOCl/Fe(III)
12,5,7,0,7,0,0,0,0,1,0,0,0,0.899382306,HOCl/Fe(III)
12,5,7,0,7,0,0,0,0,0,1,0,0,0.971878044,HOCl/Fe(III)
12,5,7,0,7,0,0,0,0,0,0,1,0,0.991292782,HOCl/Fe(III)
12,5,7,0,7,0,0,0,0,0,0,0,1,0.98396798,HOCl/Fe(III)
0,5,7,0,9,0,0,0,1,0,0,0,0,1,HOCl/Fe(III)
0,5,7,0,9,0,0,0,0,1,0,0,0,1,HOCl/Fe(III)
0,5,7,0,9,0,0,0,0,0,1,0,0,1,HOCl/Fe(III)
0,5,7,0,9,0,0,0,0,0,0,1,0,1,HOCl/Fe(III)
0,5,7,0,9,0,0,0,0,0,0,0,1,1,HOCl/Fe(III)
2,5,7,0,9,0,0,0,1,0,0,0,0,0.983783954,HOCl/Fe(III)
2,5,7,0,9,0,0,0,0,1,0,0,0,0.980669156,HOCl/Fe(III)
2,5,7,0,9,0,0,0,0,0,1,0,0,0.988942133,HOCl/Fe(III)
2,5,7,0,9,0,0,0,0,0,0,1,0,0.998353166,HOCl/Fe(III)
2,5,7,0,9,0,0,0,0,0,0,0,1,0.997751986,HOCl/Fe(III)
4,5,7,0,9,0,0,0,1,0,0,0,0,0.975954705,HOCl/Fe(III)
4,5,7,0,9,0,0,0,0,1,0,0,0,0.965985448,HOCl/Fe(III)
4,5,7,0,9,0,0,0,0,0,1,0,0,0.986199947,HOCl/Fe(III)
4,5,7,0,9,0,0,0,0,0,0,1,0,0.997665953,HOCl/Fe(III)
4,5,7,0,9,0,0,0,0,0,0,0,1,0.996990444,HOCl/Fe(III)
6,5,7,0,9,0,0,0,1,0,0,0,0,0.964462122,HOCl/Fe(III)
6,5,7,0,9,0,0,0,0,1,0,0,0,0.95825311,HOCl/Fe(III)
6,5,7,0,9,0,0,0,0,0,1,0,0,0.983245241,HOCl/Fe(III)
6,5,7,0,9,0,0,0,0,0,0,1,0,0.997046842,HOCl/Fe(III)
6,5,7,0,9,0,0,0,0,0,0,0,1,0.996045839,HOCl/Fe(III)
8,5,7,0,9,0,0,0,1,0,0,0,0,0.957905028,HOCl/Fe(III)
8,5,7,0,9,0,0,0,0,1,0,0,0,0.949732075,HOCl/Fe(III)
8,5,7,0,9,0,0,0,0,0,1,0,0,0.981188601,HOCl/Fe(III)
8,5,7,0,9,0,0,0,0,0,0,1,0,0.996508216,HOCl/Fe(III)
8,5,7,0,9,0,0,0,0,0,0,0,1,0.995145169,HOCl/Fe(III)
10,5,7,0,9,0,0,0,1,0,0,0,0,0.947268401,HOCl/Fe(III)
10,5,7,0,9,0,0,0,0,1,0,0,0,0.945521817,HOCl/Fe(III)
10,5,7,0,9,0,0,0,0,0,1,0,0,0.978309305,HOCl/Fe(III)
10,5,7,0,9,0,0,0,0,0,0,1,0,0.994650883,HOCl/Fe(III)
10,5,7,0,9,0,0,0,0,0,0,0,1,0.994793688,HOCl/Fe(III)
12,5,7,0,9,0,0,0,1,0,0,0,0,0.941771436,HOCl/Fe(III)
12,5,7,0,9,0,0,0,0,1,0,0,0,0.942007469,HOCl/Fe(III)
12,5,7,0,9,0,0,0,0,0,1,0,0,0.977493504,HOCl/Fe(III)
12,5,7,0,9,0,0,0,0,0,0,1,0,0.993412662,HOCl/Fe(III)
12,5,7,0,9,0,0,0,0,0,0,0,1,0.994171274,HOCl/Fe(III)
0,0,7,1.86,3,0,0,0,1,0,0,0,0,1,UV254/Fe(III)
0,0,7,1.86,3,0,0,0,0,1,0,0,0,1,UV254/Fe(III)
0,0,7,1.86,3,0,0,0,0,0,1,0,0,1,UV254/Fe(III)
0,0,7,1.86,3,0,0,0,0,0,0,1,0,1,UV254/Fe(III)
0,0,7,1.86,3,0,0,0,0,0,0,0,1,1,UV254/Fe(III)
2,0,7,1.86,3,0,0,0,1,0,0,0,0,0.866257101,UV254/Fe(III)
2,0,7,1.86,3,0,0,0,0,1,0,0,0,0.877835415,UV254/Fe(III)
2,0,7,1.86,3,0,0,0,0,0,1,0,0,0.963873315,UV254/Fe(III)
2,0,7,1.86,3,0,0,0,0,0,0,1,0,0.932482091,UV254/Fe(III)
2,0,7,1.86,3,0,0,0,0,0,0,0,1,0.945214355,UV254/Fe(III)
4,0,7,1.86,3,0,0,0,1,0,0,0,0,0.822926164,UV254/Fe(III)
4,0,7,1.86,3,0,0,0,0,1,0,0,0,0.831016364,UV254/Fe(III)
4,0,7,1.86,3,0,0,0,0,0,1,0,0,0.92824723,UV254/Fe(III)
4,0,7,1.86,3,0,0,0,0,0,0,1,0,0.87544886,UV254/Fe(III)
4,0,7,1.86,3,0,0,0,0,0,0,0,1,0.909344824,UV254/Fe(III)
6,0,7,1.86,3,0,0,0,1,0,0,0,0,0.713338564,UV254/Fe(III)
6,0,7,1.86,3,0,0,0,0,1,0,0,0,0.758343637,UV254/Fe(III)
6,0,7,1.86,3,0,0,0,0,0,1,0,0,0.905444867,UV254/Fe(III)
6,0,7,1.86,3,0,0,0,0,0,0,1,0,0.829641584,UV254/Fe(III)
6,0,7,1.86,3,0,0,0,0,0,0,0,1,0.853357657,UV254/Fe(III)
8,0,7,1.86,3,0,0,0,1,0,0,0,0,0.6631058,UV254/Fe(III)
8,0,7,1.86,3,0,0,0,0,1,0,0,0,0.670889335,UV254/Fe(III)
8,0,7,1.86,3,0,0,0,0,0,1,0,0,0.832932853,UV254/Fe(III)
8,0,7,1.86,3,0,0,0,0,0,0,1,0,0.797318903,UV254/Fe(III)
8,0,7,1.86,3,0,0,0,0,0,0,0,1,0.790450728,UV254/Fe(III)
10,0,7,1.86,3,0,0,0,1,0,0,0,0,0.604165205,UV254/Fe(III)
10,0,7,1.86,3,0,0,0,0,1,0,0,0,0.624445792,UV254/Fe(III)
10,0,7,1.86,3,0,0,0,0,0,1,0,0,0.808937392,UV254/Fe(III)
10,0,7,1.86,3,0,0,0,0,0,0,1,0,0.755123869,UV254/Fe(III)
10,0,7,1.86,3,0,0,0,0,0,0,0,1,0.756342591,UV254/Fe(III)
12,0,7,1.86,3,0,0,0,1,0,0,0,0,0.494535962,UV254/Fe(III)
12,0,7,1.86,3,0,0,0,0,1,0,0,0,0.56342586,UV254/Fe(III)
12,0,7,1.86,3,0,0,0,0,0,1,0,0,0.805675144,UV254/Fe(III)
12,0,7,1.86,3,0,0,0,0,0,0,1,0,0.633418378,UV254/Fe(III)
12,0,7,1.86,3,0,0,0,0,0,0,0,1,0.727405404,UV254/Fe(III)
0,0,7,1.86,5,0,0,0,1,0,0,0,0,1,UV254/Fe(III)
0,0,7,1.86,5,0,0,0,0,1,0,0,0,1,UV254/Fe(III)
0,0,7,1.86,5,0,0,0,0,0,1,0,0,1,UV254/Fe(III)
0,0,7,1.86,5,0,0,0,0,0,0,1,0,1,UV254/Fe(III)
0,0,7,1.86,5,0,0,0,0,0,0,0,1,1,UV254/Fe(III)
2,0,7,1.86,5,0,0,0,1,0,0,0,0,0.930719671,UV254/Fe(III)
2,0,7,1.86,5,0,0,0,0,1,0,0,0,0.923418593,UV254/Fe(III)
2,0,7,1.86,5,0,0,0,0,0,1,0,0,0.963492484,UV254/Fe(III)
2,0,7,1.86,5,0,0,0,0,0,0,1,0,0.953184293,UV254/Fe(III)
2,0,7,1.86,5,0,0,0,0,0,0,0,1,0.827037108,UV254/Fe(III)
4,0,7,1.86,5,0,0,0,1,0,0,0,0,0.866239105,UV254/Fe(III)
4,0,7,1.86,5,0,0,0,0,1,0,0,0,0.852701898,UV254/Fe(III)
4,0,7,1.86,5,0,0,0,0,0,1,0,0,0.928317767,UV254/Fe(III)
4,0,7,1.86,5,0,0,0,0,0,0,1,0,0.908560296,UV254/Fe(III)
4,0,7,1.86,5,0,0,0,0,0,0,0,1,0.683990379,UV254/Fe(III)
6,0,7,1.86,5,0,0,0,1,0,0,0,0,0.806225775,UV254/Fe(III)
6,0,7,1.86,5,0,0,0,0,1,0,0,0,0.787400787,UV254/Fe(III)
6,0,7,1.86,5,0,0,0,0,0,1,0,0,0.894427191,UV254/Fe(III)
6,0,7,1.86,5,0,0,0,0,0,0,1,0,0.866025404,UV254/Fe(III)
6,0,7,1.86,5,0,0,0,0,0,0,0,1,0.565685425,UV254/Fe(III)
8,0,7,1.86,5,0,0,0,1,0,0,0,0,0.750370188,UV254/Fe(III)
8,0,7,1.86,5,0,0,0,0,1,0,0,0,0.727100527,UV254/Fe(III)
8,0,7,1.86,5,0,0,0,0,0,1,0,0,0.861773876,UV254/Fe(III)
8,0,7,1.86,5,0,0,0,0,0,0,1,0,0.825481812,UV254/Fe(III)
8,0,7,1.86,5,0,0,0,0,0,0,0,1,0.467842838,UV254/Fe(III)
10,0,7,1.86,5,0,0,0,1,0,0,0,0,0.698384294,UV254/Fe(III)
10,0,7,1.86,5,0,0,0,0,1,0,0,0,0.671418146,UV254/Fe(III)
10,0,7,1.86,5,0,0,0,0,0,1,0,0,0.830312652,UV254/Fe(III)
10,0,7,1.86,5,0,0,0,0,0,0,1,0,0.786836298,UV254/Fe(III)
10,0,7,1.86,5,0,0,0,0,0,0,0,1,0.386923388,UV254/Fe(III)
12,0,7,1.86,5,0,0,0,1,0,0,0,0,0.65,UV254/Fe(III)
12,0,7,1.86,5,0,0,0,0,1,0,0,0,0.62,UV254/Fe(III)
12,0,7,1.86,5,0,0,0,0,0,1,0,0,0.8,UV254/Fe(III)
12,0,7,1.86,5,0,0,0,0,0,0,1,0,0.75,UV254/Fe(III)
12,0,7,1.86,5,0,0,0,0,0,0,0,1,0.32,UV254/Fe(III)
0,0,7,1.86,7,0,0,0,1,0,0,0,0,1,UV254/Fe(III)
0,0,7,1.86,7,0,0,0,0,1,0,0,0,1,UV254/Fe(III)
0,0,7,1.86,7,0,0,0,0,0,1,0,0,1,UV254/Fe(III)
0,0,7,1.86,7,0,0,0,0,0,0,1,0,1,UV254/Fe(III)
0,0,7,1.86,7,0,0,0,0,0,0,0,1,1,UV254/Fe(III)
2,0,7,1.86,7,0,0,0,1,0,0,0,0,0.981606434,UV254/Fe(III)
2,0,7,1.86,7,0,0,0,0,1,0,0,0,0.973277061,UV254/Fe(III)
2,0,7,1.86,7,0,0,0,0,0,1,0,0,0.982593194,UV254/Fe(III)
2,0,7,1.86,7,0,0,0,0,0,0,1,0,0.937349045,UV254/Fe(III)
2,0,7,1.86,7,0,0,0,0,0,0,0,1,0.858374219,UV254/Fe(III)
4,0,7,1.86,7,0,0,0,1,0,0,0,0,0.950300092,UV254/Fe(III)
4,0,7,1.86,7,0,0,0,0,1,0,0,0,0.947268237,UV254/Fe(III)
4,0,7,1.86,7,0,0,0,0,0,1,0,0,0.965489385,UV254/Fe(III)
4,0,7,1.86,7,0,0,0,0,0,0,1,0,0.899725732,UV254/Fe(III)
4,0,7,1.86,7,0,0,0,0,0,0,0,1,0.7368063,UV254/Fe(III)
6,0,7,1.86,7,0,0,0,1,0,0,0,0,0.916203212,UV254/Fe(III)
6,0,7,1.86,7,0,0,0,0,1,0,0,0,0.921954446,UV254/Fe(III)
6,0,7,1.86,7,0,0,0,0,0,1,0,0,0.948683298,UV254/Fe(III)
6,0,7,1.86,7,0,0,0,0,0,0,1,0,0.859104791,UV254/Fe(III)
6,0,7,1.86,7,0,0,0,0,0,0,0,1,0.632455532,UV254/Fe(III)
8,0,7,1.86,7,0,0,0,1,0,0,0,0,0.896558264,UV254/Fe(III)
8,0,7,1.86,7,0,0,0,0,1,0,0,0,0.897317113,UV254/Fe(III)
8,0,7,1.86,7,0,0,0,0,0,1,0,0,0.932169752,UV254/Fe(III)
8,0,7,1.86,7,0,0,0,0,0,0,1,0,0.845687925,UV254/Fe(III)
8,0,7,1.86,7,0,0,0,0,0,0,0,1,0.542883523,UV254/Fe(III)
10,0,7,1.86,7,0,0,0,1,0,0,0,0,0.872819075,UV254/Fe(III)
10,0,7,1.86,7,0,0,0,0,1,0,0,0,0.873338163,UV254/Fe(III)
10,0,7,1.86,7,0,0,0,0,0,1,0,0,0.915943654,UV254/Fe(III)
10,0,7,1.86,7,0,0,0,0,0,0,1,0,0.818851509,UV254/Fe(III)
10,0,7,1.86,7,0,0,0,0,0,0,0,1,0.46599722,UV254/Fe(III)
12,0,7,1.86,7,0,0,0,1,0,0,0,0,0.851763598,UV254/Fe(III)
12,0,7,1.86,7,0,0,0,0,1,0,0,0,0.85,UV254/Fe(III)
12,0,7,1.86,7,0,0,0,0,0,1,0,0,0.9,UV254/Fe(III)
12,0,7,1.86,7,0,0,0,0,0,0,1,0,0.792822869,UV254/Fe(III)
12,0,7,1.86,7,0,0,0,0,0,0,0,1,0.4,UV254/Fe(III)
0,0,7,1.86,9,0,0,0,1,0,0,0,0,1,UV254/Fe(III)
0,0,7,1.86,9,0,0,0,0,1,0,0,0,1,UV254/Fe(III)
0,0,7,1.86,9,0,0,0,0,0,1,0,0,1,UV254/Fe(III)
0,0,7,1.86,9,0,0,0,0,0,0,1,0,1,UV254/Fe(III)
0,0,7,1.86,9,0,0,0,0,0,0,0,1,1,UV254/Fe(III)
2,0,7,1.86,9,0,0,0,1,0,0,0,0,0.986199182,UV254/Fe(III)
2,0,7,1.86,9,0,0,0,0,1,0,0,0,0.987977736,UV254/Fe(III)
2,0,7,1.86,9,0,0,0,0,0,1,0,0,0.991487555,UV254/Fe(III)
2,0,7,1.86,9,0,0,0,0,0,0,1,0,0.991487555,UV254/Fe(III)
2,0,7,1.86,9,0,0,0,0,0,0,0,1,0.875391017,UV254/Fe(III)
4,0,7,1.86,9,0,0,0,1,0,0,0,0,0.972588826,UV254/Fe(III)
4,0,7,1.86,9,0,0,0,0,1,0,0,0,0.976100008,UV254/Fe(III)
4,0,7,1.86,9,0,0,0,0,0,1,0,0,0.983047572,UV254/Fe(III)
4,0,7,1.86,9,0,0,0,0,0,0,1,0,0.983047572,UV254/Fe(III)
4,0,7,1.86,9,0,0,0,0,0,0,0,1,0.766309432,UV254/Fe(III)
6,0,7,1.86,9,0,0,0,1,0,0,0,0,0.959166305,UV254/Fe(III)
6,0,7,1.86,9,0,0,0,0,1,0,0,0,0.964365076,UV254/Fe(III)
6,0,7,1.86,9,0,0,0,0,0,1,0,0,0.974679434,UV254/Fe(III)
6,0,7,1.86,9,0,0,0,0,0,0,1,0,0.974679434,UV254/Fe(III)
6,0,7,1.86,9,0,0,0,0,0,0,0,1,0.670820393,UV254/Fe(III)
8,0,7,1.86,9,0,0,0,1,0,0,0,0,0.945929025,UV254/Fe(III)
8,0,7,1.86,9,0,0,0,0,1,0,0,0,0.952771225,UV254/Fe(III)
8,0,7,1.86,9,0,0,0,0,0,1,0,0,0.96638253,UV254/Fe(III)
8,0,7,1.86,9,0,0,0,0,0,0,1,0,0.96638253,UV254/Fe(III)
8,0,7,1.86,9,0,0,0,0,0,0,0,1,0.587230146,UV254/Fe(III)
10,0,7,1.86,9,0,0,0,1,0,0,0,0,0.93287443,UV254/Fe(III)
10,0,7,1.86,9,0,0,0,0,1,0,0,0,0.941316758,UV254/Fe(III)
10,0,7,1.86,9,0,0,0,0,0,1,0,0,0.958156252,UV254/Fe(III)
10,0,7,1.86,9,0,0,0,0,0,0,1,0,0.958156252,UV254/Fe(III)
10,0,7,1.86,9,0,0,0,0,0,0,0,1,0.514055995,UV254/Fe(III)
12,0,7,1.86,9,0,0,0,1,0,0,0,0,0.92,UV254/Fe(III)
12,0,7,1.86,9,0,0,0,0,1,0,0,0,0.93,UV254/Fe(III)
12,0,7,1.86,9,0,0,0,0,0,1,0,0,0.95,UV254/Fe(III)
12,0,7,1.86,9,0,0,0,0,0,0,1,0,0.95,UV254/Fe(III)
12,0,7,1.86,9,0,0,0,0,0,0,0,1,0.45,UV254/Fe(III)
0,5,0,1.86,3,0,0,0,1,0,0,0,0,1,UV254/HOCl
0,5,0,1.86,3,0,0,0,0,1,0,0,0,1,UV254/HOCl
0,5,0,1.86,3,0,0,0,0,0,1,0,0,1,UV254/HOCl
0,5,0,1.86,3,0,0,0,0,0,0,1,0,1,UV254/HOCl
0,5,0,1.86,3,0,0,0,0,0,0,0,1,1,UV254/HOCl
2,5,0,1.86,3,0,0,0,1,0,0,0,0,0.663778319,UV254/HOCl
2,5,0,1.86,3,0,0,0,0,1,0,0,0,0.697558597,UV254/HOCl
2,5,0,1.86,3,0,0,0,0,0,1,0,0,0.761899479,UV254/HOCl
2,5,0,1.86,3,0,0,0,0,0,0,1,0,0.803558716,UV254/HOCl
2,5,0,1.86,3,0,0,0,0,0,0,0,1,0.74197321,UV254/HOCl
4,5,0,1.86,3,0,0,0,1,0,0,0,0,0.53430703,UV254/HOCl
4,5,0,1.86,3,0,0,0,0,1,0,0,0,0.564079219,UV254/HOCl
4,5,0,1.86,3,0,0,0,0,0,1,0,0,0.626632875,UV254/HOCl
4,5,0,1.86,3,0,0,0,0,0,0,1,0,0.640976241,UV254/HOCl
4,5,0,1.86,3,0,0,0,0,0,0,0,1,0.61853969,UV254/HOCl
6,5,0,1.86,3,0,0,0,1,0,0,0,0,0.429907434,UV254/HOCl
6,5,0,1.86,3,0,0,0,0,1,0,0,0,0.497692713,UV254/HOCl
6,5,0,1.86,3,0,0,0,0,0,1,0,0,0.533553289,UV254/HOCl
6,5,0,1.86,3,0,0,0,0,0,0,1,0,0.550808037,UV254/HOCl
6,5,0,1.86,3,0,0,0,0,0,0,0,1,0.514621882,UV254/HOCl
8,5,0,1.86,3,0,0,0,1,0,0,0,0,0.391391176,UV254/HOCl
8,5,0,1.86,3,0,0,0,0,1,0,0,0,0.42044566,UV254/HOCl
8,5,0,1.86,3,0,0,0,0,0,1,0,0,0.466746863,UV254/HOCl
8,5,0,1.86,3,0,0,0,0,0,0,1,0,0.478357721,UV254/HOCl
8,5,0,1.86,3,0,0,0,0,0,0,0,1,0.451731119,UV254/HOCl
10,5,0,1.86,3,0,0,0,1,0,0,0,0,0.305997033,UV254/HOCl
10,5,0,1.86,3,0,0,0,0,1,0,0,0,0.378555355,UV254/HOCl
10,5,0,1.86,3,0,0,0,0,0,1,0,0,0.411865901,UV254/HOCl
10,5,0,1.86,3,0,0,0,0,0,0,1,0,0.442729106,UV254/HOCl
10,5,0,1.86,3,0,0,0,0,0,0,0,1,0.393143362,UV254/HOCl
12,5,0,1.86,3,0,0,0,1,0,0,0,0,0.250579936,UV254/HOCl
12,5,0,1.86,3,0,0,0,0,1,0,0,0,0.325014644,UV254/HOCl
12,5,0,1.86,3,0,0,0,0,0,1,0,0,0.37438904,UV254/HOCl
12,5,0,1.86,3,0,0,0,0,0,0,1,0,0.40664993,UV254/HOCl
12,5,0,1.86,3,0,0,0,0,0,0,0,1,0.380276021,UV254/HOCl
0,5,0,1.86,5,0,0,0,1,0,0,0,0,1,UV254/HOCl
0,5,0,1.86,5,0,0,0,0,1,0,0,0,1,UV254/HOCl
0,5,0,1.86,5,0,0,0,0,0,1,0,0,1,UV254/HOCl
0,5,0,1.86,5,0,0,0,0,0,0,1,0,1,UV254/HOCl
0,5,0,1.86,5,0,0,0,0,0,0,0,1,1,UV254/HOCl
2,5,0,1.86,5,0,0,0,1,0,0,0,0,0.827037108,UV254/HOCl
2,5,0,1.86,5,0,0,0,0,1,0,0,0,0.858374219,UV254/HOCl
2,5,0,1.86,5,0,0,0,0,0,1,0,0,0.865382712,UV254/HOCl
2,5,0,1.86,5,0,0,0,0,0,0,1,0,0.910568193,UV254/HOCl
2,5,0,1.86,5,0,0,0,0,0,0,0,1,0.865382712,UV254/HOCl
4,5,0,1.86,5,0,0,0,1,0,0,0,0,0.683990379,UV254/HOCl
4,5,0,1.86,5,0,0,0,0,1,0,0,0,0.7368063,UV254/HOCl
4,5,0,1.86,5,0,0,0,0,0,1,0,0,0.748887239,UV254/HOCl
4,5,0,1.86,5,0,0,0,0,0,0,1,0,0.829134434,UV254/HOCl
4,5,0,1.86,5,0,0,0,0,0,0,0,1,0.748887239,UV254/HOCl
6,5,0,1.86,5,0,0,0,1,0,0,0,0,0.565685425,UV254/HOCl
6,5,0,1.86,5,0,0,0,0,1,0,0,0,0.632455532,UV254/HOCl
6,5,0,1.86,5,0,0,0,0,0,1,0,0,0.64807407,UV254/HOCl
6,5,0,1.86,5,0,0,0,0,0,0,1,0,0.754983444,UV254/HOCl
6,5,0,1.86,5,0,0,0,0,0,0,0,1,0.64807407,UV254/HOCl
8,5,0,1.86,5,0,0,0,1,0,0,0,0,0.467842838,UV254/HOCl
8,5,0,1.86,5,0,0,0,0,1,0,0,0,0.542883523,UV254/HOCl
8,5,0,1.86,5,0,0,0,0,0,1,0,0,0.560832096,UV254/HOCl
8,5,0,1.86,5,0,0,0,0,0,0,1,0,0.68746391,UV254/HOCl
8,5,0,1.86,5,0,0,0,0,0,0,0,1,0.560832096,UV254/HOCl
10,5,0,1.86,5,0,0,0,1,0,0,0,0,0.386923388,UV254/HOCl
10,5,0,1.86,5,0,0,0,0,1,0,0,0,0.46599722,UV254/HOCl
10,5,0,1.86,5,0,0,0,0,0,1,0,0,0.485334401,UV254/HOCl
10,5,0,1.86,5,0,0,0,0,0,0,1,0,0.62598277,UV254/HOCl
10,5,0,1.86,5,0,0,0,0,0,0,0,1,0.485334401,UV254/HOCl
12,5,0,1.86,5,0,0,0,1,0,0,0,0,0.32,UV254/HOCl
12,5,0,1.86,5,0,0,0,0,1,0,0,0,0.4,UV254/HOCl
12,5,0,1.86,5,0,0,0,0,0,1,0,0,0.42,UV254/HOCl
12,5,0,1.86,5,0,0,0,0,0,0,1,0,0.57,UV254/HOCl
12,5,0,1.86,5,0,0,0,0,0,0,0,1,0.42,UV254/HOCl
0,5,0,1.86,7,0,0,0,1,0,0,0,0,1,UV254/HOCl
0,5,0,1.86,7,0,0,0,0,1,0,0,0,1,UV254/HOCl
0,5,0,1.86,7,0,0,0,0,0,1,0,0,1,UV254/HOCl
0,5,0,1.86,7,0,0,0,0,0,0,1,0,1,UV254/HOCl
0,5,0,1.86,7,0,0,0,0,0,0,0,1,1,UV254/HOCl
2,5,0,1.86,7,0,0,0,1,0,0,0,0,0.884857914,UV254/HOCl
2,5,0,1.86,7,0,0,0,0,1,0,0,0,0.913211417,UV254/HOCl
2,5,0,1.86,7,0,0,0,0,0,1,0,0,0.896741407,UV254/HOCl
2,5,0,1.86,7,0,0,0,0,0,0,1,0,0.942286582,UV254/HOCl
2,5,0,1.86,7,0,0,0,0,0,0,0,1,0.896741407,UV254/HOCl
4,5,0,1.86,7,0,0,0,1,0,0,0,0,0.782973528,UV254/HOCl
4,5,0,1.86,7,0,0,0,0,1,0,0,0,0.833955092,UV254/HOCl
4,5,0,1.86,7,0,0,0,0,0,1,0,0,0.804145152,UV254/HOCl
4,5,0,1.86,7,0,0,0,0,0,0,1,0,0.887904002,UV254/HOCl
4,5,0,1.86,7,0,0,0,0,0,0,0,1,0.804145152,UV254/HOCl
6,5,0,1.86,7,0,0,0,1,0,0,0,0,0.692820323,UV254/HOCl
6,5,0,1.86,7,0,0,0,0,1,0,0,0,0.761577311,UV254/HOCl
6,5,0,1.86,7,0,0,0,0,0,1,0,0,0.721110255,UV254/HOCl
6,5,0,1.86,7,0,0,0,0,0,0,1,0,0.836660027,UV254/HOCl
6,5,0,1.86,7,0,0,0,0,0,0,0,1,0.721110255,UV254/HOCl
8,5,0,1.86,7,0,0,0,1,0,0,0,0,0.613047546,UV254/HOCl
8,5,0,1.86,7,0,0,0,0,1,0,0,0,0.695481095,UV254/HOCl
8,5,0,1.86,7,0,0,0,0,0,1,0,0,0.646649425,UV254/HOCl
8,5,0,1.86,7,0,0,0,0,0,0,1,0,0.788373516,UV254/HOCl
8,5,0,1.86,7,0,0,0,0,0,0,0,1,0.646649425,UV254/HOCl
10,5,0,1.86,7,0,0,0,1,0,0,0,0,0.542459973,UV254/HOCl
10,5,0,1.86,7,0,0,0,0,1,0,0,0,0.635121276,UV254/HOCl
10,5,0,1.86,7,0,0,0,0,0,1,0,0,0.579877315,UV254/HOCl
10,5,0,1.86,7,0,0,0,0,0,0,1,0,0.742873786,UV254/HOCl
10,5,0,1.86,7,0,0,0,0,0,0,0,1,0.579877315,UV254/HOCl
12,5,0,1.86,7,0,0,0,1,0,0,0,0,0.48,UV254/HOCl
12,5,0,1.86,7,0,0,0,0,1,0,0,0,0.58,UV254/HOCl
12,5,0,1.86,7,0,0,0,0,0,1,0,0,0.52,UV254/HOCl
12,5,0,1.86,7,0,0,0,0,0,0,1,0,0.7,UV254/HOCl
12,5,0,1.86,7,0,0,0,0,0,0,0,1,0.52,UV254/HOCl
0,5,0,1.86,9,0,0,0,1,0,0,0,0,1,UV254/HOCl
0,5,0,1.86,9,0,0,0,0,1,0,0,0,1,UV254/HOCl
0,5,0,1.86,9,0,0,0,0,0,1,0,0,1,UV254/HOCl
0,5,0,1.86,9,0,0,0,0,0,0,1,0,1,UV254/HOCl
0,5,0,1.86,9,0,0,0,0,0,0,0,1,1,UV254/HOCl
2,5,0,1.86,9,0,0,0,1,0,0,0,0,0.937745133,UV254/HOCl
2,5,0,1.86,9,0,0,0,0,1,0,0,0,0.959435463,UV254/HOCl
2,5,0,1.86,9,0,0,0,0,0,1,0,0,0.937745133,UV254/HOCl
2,5,0,1.86,9,0,0,0,0,0,0,1,0,0.967465846,UV254/HOCl
2,5,0,1.86,9,0,0,0,0,0,0,0,1,0.930719671,UV254/HOCl
4,5,0,1.86,9,0,0,0,1,0,0,0,0,0.879365934,UV254/HOCl
4,5,0,1.86,9,0,0,0,0,1,0,0,0,0.920516408,UV254/HOCl
4,5,0,1.86,9,0,0,0,0,0,1,0,0,0.879365934,UV254/HOCl
4,5,0,1.86,9,0,0,0,0,0,0,1,0,0.935990162,UV254/HOCl
4,5,0,1.86,9,0,0,0,0,0,0,0,1,0.866239105,UV254/HOCl
6,5,0,1.86,9,0,0,0,1,0,0,0,0,0.824621125,UV254/HOCl
6,5,0,1.86,9,0,0,0,0,1,0,0,0,0.883176087,UV254/HOCl
6,5,0,1.86,9,0,0,0,0,0,1,0,0,0.824621125,UV254/HOCl
6,5,0,1.86,9,0,0,0,0,0,0,1,0,0.905538514,UV254/HOCl
6,5,0,1.86,9,0,0,0,0,0,0,0,1,0.806225775,UV254/HOCl
8,5,0,1.86,9,0,0,0,1,0,0,0,0,0.773284447,UV254/HOCl
8,5,0,1.86,9,0,0,0,0,1,0,0,0,0.847350458,UV254/HOCl
8,5,0,1.86,9,0,0,0,0,0,1,0,0,0.773284447,UV254/HOCl
8,5,0,1.86,9,0,0,0,0,0,0,1,0,0.876077584,UV254/HOCl
8,5,0,1.86,9,0,0,0,0,0,0,0,1,0.750370188,UV254/HOCl
10,5,0,1.86,9,0,0,0,1,0,0,0,0,0.725143726,UV254/HOCl
10,5,0,1.86,9,0,0,0,0,1,0,0,0,0.812978079,UV254/HOCl
10,5,0,1.86,9,0,0,0,0,0,1,0,0,0.725143726,UV254/HOCl
10,5,0,1.86,9,0,0,0,0,0,0,1,0,0.847575141,UV254/HOCl
10,5,0,1.86,9,0,0,0,0,0,0,0,1,0.698384294,UV254/HOCl
12,5,0,1.86,9,0,0,0,1,0,0,0,0,0.68,UV254/HOCl
12,5,0,1.86,9,0,0,0,0,1,0,0,0,0.78,UV254/HOCl
12,5,0,1.86,9,0,0,0,0,0,1,0,0,0.68,UV254/HOCl
12,5,0,1.86,9,0,0,0,0,0,0,1,0,0.82,UV254/HOCl
12,5,0,1.86,9,0,0,0,0,0,0,0,1,0.65,UV254/HOCl
0,5,7,1.86,3,0,0,0,1,0,0,0,0,1,UV254/HOCl/Fe(III)
0,5,7,1.86,3,0,0,0,0,1,0,0,0,1,UV254/HOCl/Fe(III)
0,5,7,1.86,3,0,0,0,0,0,1,0,0,1,UV254/HOCl/Fe(III)
0,5,7,1.86,3,0,0,0,0,0,0,1,0,1,UV254/HOCl/Fe(III)
0,5,7,1.86,3,0,0,0,0,0,0,0,1,1,UV254/HOCl/Fe(III)
2,5,7,1.86,3,0,0,0,1,0,0,0,0,0.581308294,UV254/HOCl/Fe(III)
2,5,7,1.86,3,0,0,0,0,1,0,0,0,0.757768046,UV254/HOCl/Fe(III)
2,5,7,1.86,3,0,0,0,0,0,1,0,0,0.887278968,UV254/HOCl/Fe(III)
2,5,7,1.86,3,0,0,0,0,0,0,1,0,0.942867984,UV254/HOCl/Fe(III)
2,5,7,1.86,3,0,0,0,0,0,0,0,1,0.830506728,UV254/HOCl/Fe(III)
4,5,7,1.86,3,0,0,0,1,0,0,0,0,0.467102346,UV254/HOCl/Fe(III)
4,5,7,1.86,3,0,0,0,0,1,0,0,0,0.596023819,UV254/HOCl/Fe(III)
4,5,7,1.86,3,0,0,0,0,0,1,0,0,0.723467015,UV254/HOCl/Fe(III)
4,5,7,1.86,3,0,0,0,0,0,0,1,0,0.821238046,UV254/HOCl/Fe(III)
4,5,7,1.86,3,0,0,0,0,0,0,0,1,0.657360131,UV254/HOCl/Fe(III)
6,5,7,1.86,3,0,0,0,1,0,0,0,0,0.309184472,UV254/HOCl/Fe(III)
6,5,7,1.86,3,0,0,0,0,1,0,0,0,0.408992092,UV254/HOCl/Fe(III)
6,5,7,1.86,3,0,0,0,0,0,1,0,0,0.552420392,UV254/HOCl/Fe(III)
6,5,7,1.86,3,0,0,0,0,0,0,1,0,0.646983586,UV254/HOCl/Fe(III)
6,5,7,1.86,3,0,0,0,0,0,0,0,1,0.475290694,UV254/HOCl/Fe(III)
8,5,7,1.86,3,0,0,0,1,0,0,0,0,0.195153607,UV254/HOCl/Fe(III)
8,5,7,1.86,3,0,0,0,0,1,0,0,0,0.287564195,UV254/HOCl/Fe(III)
8,5,7,1.86,3,0,0,0,0,0,1,0,0,0.422654007,UV254/HOCl/Fe(III)
8,5,7,1.86,3,0,0,0,0,0,0,1,0,0.4770878,UV254/HOCl/Fe(III)
8,5,7,1.86,3,0,0,0,0,0,0,0,1,0.397524609,UV254/HOCl/Fe(III)
10,5,7,1.86,3,0,0,0,1,0,0,0,0,0.182037555,UV254/HOCl/Fe(III)
10,5,7,1.86,3,0,0,0,0,1,0,0,0,0.224669964,UV254/HOCl/Fe(III)
10,5,7,1.86,3,0,0,0,0,0,1,0,0,0.336459399,UV254/HOCl/Fe(III)
10,5,7,1.86,3,0,0,0,0,0,0,1,0,0.405386201,UV254/HOCl/Fe(III)
10,5,7,1.86,3,0,0,0,0,0,0,0,1,0.316533067,UV254/HOCl/Fe(III)
12,5,7,1.86,3,0,0,0,1,0,0,0,0,0.143599074,UV254/HOCl/Fe(III)
12,5,7,1.86,3,0,0,0,0,1,0,0,0,0.167522606,UV254/HOCl/Fe(III)
12,5,7,1.86,3,0,0,0,0,0,1,0,0,0.273174931,UV254/HOCl/Fe(III)
12,5,7,1.86,3,0,0,0,0,0,0,1,0,0.375717452,UV254/HOCl/Fe(III)
12,5,7,1.86,3,0,0,0,0,0,0,0,1,0.222125216,UV254/HOCl/Fe(III)
0,5,7,1.86,5,0,0,0,1,0,0,0,0,1,UV254/HOCl/Fe(III)
0,5,7,1.86,5,0,0,0,0,1,0,0,0,1,UV254/HOCl/Fe(III)
0,5,7,1.86,5,0,0,0,0,0,1,0,0,1,UV254/HOCl/Fe(III)
0,5,7,1.86,5,0,0,0,0,0,0,1,0,1,UV254/HOCl/Fe(III)
0,5,7,1.86,5,0,0,0,0,0,0,0,1,1,UV254/HOCl/Fe(III)
2,5,7,1.86,5,0,0,0,1,0,0,0,0,0.69383,UV254/HOCl/Fe(III)
2,5,7,1.86,5,0,0,0,0,1,0,0,0,0.75874,UV254/HOCl/Fe(III)
2,5,7,1.86,5,0,0,0,0,0,1,0,0,0.81781,UV254/HOCl/Fe(III)
2,5,7,1.86,5,0,0,0,0,0,0,1,0,0.84828,UV254/HOCl/Fe(III)
2,5,7,1.86,5,0,0,0,0,0,0,0,1,0.78051,UV254/HOCl/Fe(III)
4,5,7,1.86,5,0,0,0,1,0,0,0,0,0.53431,UV254/HOCl/Fe(III)
4,5,7,1.86,5,0,0,0,0,1,0,0,0,0.58706,UV254/HOCl/Fe(III)
4,5,7,1.86,5,0,0,0,0,0,1,0,0,0.71481,UV254/HOCl/Fe(III)
4,5,7,1.86,5,0,0,0,0,0,0,1,0,0.739,UV254/HOCl/Fe(III)
4,5,7,1.86,5,0,0,0,0,0,0,0,1,0.65736,UV254/HOCl/Fe(III)
6,5,7,1.86,5,0,0,0,1,0,0,0,0,0.45352,UV254/HOCl/Fe(III)
6,5,7,1.86,5,0,0,0,0,1,0,0,0,0.47589,UV254/HOCl/Fe(III)
6,5,7,1.86,5,0,0,0,0,0,1,0,0,0.55216,UV254/HOCl/Fe(III)
6,5,7,1.86,5,0,0,0,0,0,0,1,0,0.5974,UV254/HOCl/Fe(III)
6,5,7,1.86,5,0,0,0,0,0,0,0,1,0.49529,UV254/HOCl/Fe(III)
8,5,7,1.86,5,0,0,0,1,0,0,0,0,0.33807,UV254/HOCl/Fe(III)
8,5,7,1.86,5,0,0,0,0,1,0,0,0,0.35036,UV254/HOCl/Fe(III)
8,5,7,1.86,5,0,0,0,0,0,1,0,0,0.43037,UV254/HOCl/Fe(III)
8,5,7,1.86,5,0,0,0,0,0,0,1,0,0.50295,UV254/HOCl/Fe(III)
8,5,7,1.86,5,0,0,0,0,0,0,0,1,0.39752,UV254/HOCl/Fe(III)
10,5,7,1.86,5,0,0,0,1,0,0,0,0,0.2308,UV254/HOCl/Fe(III)
10,5,7,1.86,5,0,0,0,0,1,0,0,0,0.27925,UV254/HOCl/Fe(III)
10,5,7,1.86,5,0,0,0,0,0,1,0,0,0.33993,UV254/HOCl/Fe(III)
10,5,7,1.86,5,0,0,0,0,0,0,1,0,0.39533,UV254/HOCl/Fe(III)
10,5,7,1.86,5,0,0,0,0,0,0,0,1,0.31653,UV254/HOCl/Fe(III)
12,5,7,1.86,5,0,0,0,1,0,0,0,0,0.16857,UV254/HOCl/Fe(III)
12,5,7,1.86,5,0,0,0,0,1,0,0,0,0.20228,UV254/HOCl/Fe(III)
12,5,7,1.86,5,0,0,0,0,0,1,0,0,0.27101,UV254/HOCl/Fe(III)
12,5,7,1.86,5,0,0,0,0,0,0,1,0,0.33779,UV254/HOCl/Fe(III)
12,5,7,1.86,5,0,0,0,0,0,0,0,1,0.23213,UV254/HOCl/Fe(III)
0,5,7,1.86,7,0,0,0,1,0,0,0,0,1,UV254/HOCl/Fe(III)
0,5,7,1.86,7,0,0,0,0,1,0,0,0,1,UV254/HOCl/Fe(III)
0,5,7,1.86,7,0,0,0,0,0,1,0,0,1,UV254/HOCl/Fe(III)
0,5,7,1.86,7,0,0,0,0,0,0,1,0,1,UV254/HOCl/Fe(III)
0,5,7,1.86,7,0,0,0,0,0,0,0,1,1,UV254/HOCl/Fe(III)
2,5,7,1.86,7,0,0,0,1,0,0,0,0,0.81025,UV254/HOCl/Fe(III)
2,5,7,1.86,7,0,0,0,0,1,0,0,0,0.8607,UV254/HOCl/Fe(III)
2,5,7,1.86,7,0,0,0,0,0,1,0,0,0.7557,UV254/HOCl/Fe(III)
2,5,7,1.86,7,0,0,0,0,0,0,1,0,0.88548,UV254/HOCl/Fe(III)
2,5,7,1.86,7,0,0,0,0,0,0,0,1,0.83227,UV254/HOCl/Fe(III)
4,5,7,1.86,7,0,0,0,1,0,0,0,0,0.64144,UV254/HOCl/Fe(III)
4,5,7,1.86,7,0,0,0,0,1,0,0,0,0.74089,UV254/HOCl/Fe(III)
4,5,7,1.86,7,0,0,0,0,0,1,0,0,0.6049,UV254/HOCl/Fe(III)
4,5,7,1.86,7,0,0,0,0,0,0,1,0,0.78379,UV254/HOCl/Fe(III)
4,5,7,1.86,7,0,0,0,0,0,0,0,1,0.6804,UV254/HOCl/Fe(III)
6,5,7,1.86,7,0,0,0,1,0,0,0,0,0.52676,UV254/HOCl/Fe(III)
6,5,7,1.86,7,0,0,0,0,1,0,0,0,0.62004,UV254/HOCl/Fe(III)
6,5,7,1.86,7,0,0,0,0,0,1,0,0,0.48257,UV254/HOCl/Fe(III)
6,5,7,1.86,7,0,0,0,0,0,0,1,0,0.70636,UV254/HOCl/Fe(III)
6,5,7,1.86,7,0,0,0,0,0,0,0,1,0.56499,UV254/HOCl/Fe(III)
8,5,7,1.86,7,0,0,0,1,0,0,0,0,0.44532,UV254/HOCl/Fe(III)
8,5,7,1.86,7,0,0,0,0,1,0,0,0,0.55883,UV254/HOCl/Fe(III)
8,5,7,1.86,7,0,0,0,0,0,1,0,0,0.40178,UV254/HOCl/Fe(III)
8,5,7,1.86,7,0,0,0,0,0,0,1,0,0.63282,UV254/HOCl/Fe(III)
8,5,7,1.86,7,0,0,0,0,0,0,0,1,0.49844,UV254/HOCl/Fe(III)
10,5,7,1.86,7,0,0,0,1,0,0,0,0,0.39072,UV254/HOCl/Fe(III)
10,5,7,1.86,7,0,0,0,0,1,0,0,0,0.48595,UV254/HOCl/Fe(III)
10,5,7,1.86,7,0,0,0,0,0,1,0,0,0.36026,UV254/HOCl/Fe(III)
10,5,7,1.86,7,0,0,0,0,0,0,1,0,0.59052,UV254/HOCl/Fe(III)
10,5,7,1.86,7,0,0,0,0,0,0,0,1,0.43123,UV254/HOCl/Fe(III)
12,5,7,1.86,7,0,0,0,1,0,0,0,0,0.34999,UV254/HOCl/Fe(III)
12,5,7,1.86,7,0,0,0,0,1,0,0,0,0.4196,UV254/HOCl/Fe(III)
12,5,7,1.86,7,0,0,0,0,0,1,0,0,0.32215,UV254/HOCl/Fe(III)
12,5,7,1.86,7,0,0,0,0,0,0,1,0,0.55038,UV254/HOCl/Fe(III)
12,5,7,1.86,7,0,0,0,0,0,0,0,1,0.38425,UV254/HOCl/Fe(III)
0,5,7,1.86,9,0,0,0,1,0,0,0,0,1,UV254/HOCl/Fe(III)
0,5,7,1.86,9,0,0,0,0,1,0,0,0,1,UV254/HOCl/Fe(III)
0,5,7,1.86,9,0,0,0,0,0,1,0,0,1,UV254/HOCl/Fe(III)
0,5,7,1.86,9,0,0,0,0,0,0,1,0,1,UV254/HOCl/Fe(III)
0,5,7,1.86,9,0,0,0,0,0,0,0,1,1,UV254/HOCl/Fe(III)
2,5,7,1.86,9,0,0,0,1,0,0,0,0,0.90006,UV254/HOCl/Fe(III)
2,5,7,1.86,9,0,0,0,0,1,0,0,0,0.92455,UV254/HOCl/Fe(III)
2,5,7,1.86,9,0,0,0,0,0,1,0,0,0.8546,UV254/HOCl/Fe(III)
2,5,7,1.86,9,0,0,0,0,0,0,1,0,0.94623,UV254/HOCl/Fe(III)
2,5,7,1.86,9,0,0,0,0,0,0,0,1,0.90079,UV254/HOCl/Fe(III)
4,5,7,1.86,9,0,0,0,1,0,0,0,0,0.83306,UV254/HOCl/Fe(III)
4,5,7,1.86,9,0,0,0,0,1,0,0,0,0.85313,UV254/HOCl/Fe(III)
4,5,7,1.86,9,0,0,0,0,0,1,0,0,0.72082,UV254/HOCl/Fe(III)
4,5,7,1.86,9,0,0,0,0,0,0,1,0,0.87762,UV254/HOCl/Fe(III)
4,5,7,1.86,9,0,0,0,0,0,0,0,1,0.78511,UV254/HOCl/Fe(III)
6,5,7,1.86,9,0,0,0,1,0,0,0,0,0.73202,UV254/HOCl/Fe(III)
6,5,7,1.86,9,0,0,0,0,1,0,0,0,0.75293,UV254/HOCl/Fe(III)
6,5,7,1.86,9,0,0,0,0,0,1,0,0,0.6524,UV254/HOCl/Fe(III)
6,5,7,1.86,9,0,0,0,0,0,0,1,0,0.79857,UV254/HOCl/Fe(III)
6,5,7,1.86,9,0,0,0,0,0,0,0,1,0.68079,UV254/HOCl/Fe(III)
8,5,7,1.86,9,0,0,0,1,0,0,0,0,0.65386,UV254/HOCl/Fe(III)
8,5,7,1.86,9,0,0,0,0,1,0,0,0,0.66942,UV254/HOCl/Fe(III)
8,5,7,1.86,9,0,0,0,0,0,1,0,0,0.59536,UV254/HOCl/Fe(III)
8,5,7,1.86,9,0,0,0,0,0,0,1,0,0.7685,UV254/HOCl/Fe(III)
8,5,7,1.86,9,0,0,0,0,0,0,0,1,0.62574,UV254/HOCl/Fe(III)
10,5,7,1.86,9,0,0,0,1,0,0,0,0,0.58889,UV254/HOCl/Fe(III)
10,5,7,1.86,9,0,0,0,0,1,0,0,0,0.62187,UV254/HOCl/Fe(III)
10,5,7,1.86,9,0,0,0,0,0,1,0,0,0.51565,UV254/HOCl/Fe(III)
10,5,7,1.86,9,0,0,0,0,0,0,1,0,0.74473,UV254/HOCl/Fe(III)
10,5,7,1.86,9,0,0,0,0,0,0,0,1,0.53227,UV254/HOCl/Fe(III)
12,5,7,1.86,9,0,0,0,1,0,0,0,0,0.55969,UV254/HOCl/Fe(III)
12,5,7,1.86,9,0,0,0,0,1,0,0,0,0.5932,UV254/HOCl/Fe(III)
12,5,7,1.86,9,0,0,0,0,0,1,0,0,0.4699,UV254/HOCl/Fe(III)
12,5,7,1.86,9,0,0,0,0,0,0,1,0,0.72137,UV254/HOCl/Fe(III)
12,5,7,1.86,9,0,0,0,0,0,0,0,1,0.50137,UV254/HOCl/Fe(III)
0,5,7,1.86,3,3,0,0,1,0,0,0,0,1,"UV254/HOCl/Fe(III) [ion-effect, pH assumed=3]"
0,5,7,1.86,3,3,0,0,0,1,0,0,0,1,"UV254/HOCl/Fe(III) [ion-effect, pH assumed=3]"
0,5,7,1.86,3,3,0,0,0,0,1,0,0,1,"UV254/HOCl/Fe(III) [ion-effect, pH assumed=3]"
0,5,7,1.86,3,3,0,0,0,0,0,1,0,1,"UV254/HOCl/Fe(III) [ion-effect, pH assumed=3]"
0,5,7,1.86,3,3,0,0,0,0,0,0,1,1,"UV254/HOCl/Fe(III) [ion-effect, pH assumed=3]"
2,5,7,1.86,3,3,0,0,1,0,0,0,0,0.779860673,"UV254/HOCl/Fe(III) [ion-effect, pH assumed=3]"
2,5,7,1.86,3,3,0,0,0,1,0,0,0,0.785228909,"UV254/HOCl/Fe(III) [ion-effect, pH assumed=3]"
2,5,7,1.86,3,3,0,0,0,0,1,0,0,0.800675126,"UV254/HOCl/Fe(III) [ion-effect, pH assumed=3]"
2,5,7,1.86,3,3,0,0,0,0,0,1,0,0.834819287,"UV254/HOCl/Fe(III) [ion-effect, pH assumed=3]"
2,5,7,1.86,3,3,0,0,0,0,0,0,1,0.878042747,"UV254/HOCl/Fe(III) [ion-effect, pH assumed=3]"
4,5,7,1.86,3,3,0,0,1,0,0,0,0,0.608182669,"UV254/HOCl/Fe(III) [ion-effect, pH assumed=3]"
4,5,7,1.86,3,3,0,0,0,1,0,0,0,0.616584439,"UV254/HOCl/Fe(III) [ion-effect, pH assumed=3]"
4,5,7,1.86,3,3,0,0,0,0,1,0,0,0.641080657,"UV254/HOCl/Fe(III) [ion-effect, pH assumed=3]"
4,5,7,1.86,3,3,0,0,0,0,0,1,0,0.696923242,"UV254/HOCl/Fe(III) [ion-effect, pH assumed=3]"
4,5,7,1.86,3,3,0,0,0,0,0,0,1,0.770959065,"UV254/HOCl/Fe(III) [ion-effect, pH assumed=3]"
6,5,7,1.86,3,3,0,0,1,0,0,0,0,0.474297745,"UV254/HOCl/Fe(III) [ion-effect, pH assumed=3]"
6,5,7,1.86,3,3,0,0,0,1,0,0,0,0.484159927,"UV254/HOCl/Fe(III) [ion-effect, pH assumed=3]"
6,5,7,1.86,3,3,0,0,0,0,1,0,0,0.513297336,"UV254/HOCl/Fe(III) [ion-effect, pH assumed=3]"
6,5,7,1.86,3,3,0,0,0,0,0,1,0,0.581804964,"UV254/HOCl/Fe(III) [ion-effect, pH assumed=3]"
6,5,7,1.86,3,3,0,0,0,0,0,0,1,0.676935015,"UV254/HOCl/Fe(III) [ion-effect, pH assumed=3]"
8,5,7,1.86,3,3,0,0,1,0,0,0,0,0.369886159,"UV254/HOCl/Fe(III) [ion-effect, pH assumed=3]"
8,5,7,1.86,3,3,0,0,0,1,0,0,0,0.380176371,"UV254/HOCl/Fe(III) [ion-effect, pH assumed=3]"
8,5,7,1.86,3,3,0,0,0,0,1,0,0,0.410984409,"UV254/HOCl/Fe(III) [ion-effect, pH assumed=3]"
8,5,7,1.86,3,3,0,0,0,0,0,1,0,0.485702006,"UV254/HOCl/Fe(III) [ion-effect, pH assumed=3]"
8,5,7,1.86,3,3,0,0,0,0,0,0,1,0.59437788,"UV254/HOCl/Fe(III) [ion-effect, pH assumed=3]"
10,5,7,1.86,3,3,0,0,1,0,0,0,0,0.288459669,"UV254/HOCl/Fe(III) [ion-effect, pH assumed=3]"
10,5,7,1.86,3,3,0,0,0,1,0,0,0,0.298525477,"UV254/HOCl/Fe(III) [ion-effect, pH assumed=3]"
10,5,7,1.86,3,3,0,0,0,0,1,0,0,0.329064993,"UV254/HOCl/Fe(III) [ion-effect, pH assumed=3]"
10,5,7,1.86,3,3,0,0,0,0,0,1,0,0.405473402,"UV254/HOCl/Fe(III) [ion-effect, pH assumed=3]"
10,5,7,1.86,3,3,0,0,0,0,0,0,1,0.521889187,"UV254/HOCl/Fe(III) [ion-effect, pH assumed=3]"
12,5,7,1.86,3,3,0,0,1,0,0,0,0,0.224958351,"UV254/HOCl/Fe(III) [ion-effect, pH assumed=3]"
12,5,7,1.86,3,3,0,0,0,1,0,0,0,0.234410835,"UV254/HOCl/Fe(III) [ion-effect, pH assumed=3]"
12,5,7,1.86,3,3,0,0,0,0,1,0,0,0.263474155,"UV254/HOCl/Fe(III) [ion-effect, pH assumed=3]"
12,5,7,1.86,3,3,0,0,0,0,0,1,0,0.338497017,"UV254/HOCl/Fe(III) [ion-effect, pH assumed=3]"
12,5,7,1.86,3,3,0,0,0,0,0,0,1,0.458241015,"UV254/HOCl/Fe(III) [ion-effect, pH assumed=3]"
0,5,7,1.86,3,5,0,0,1,0,0,0,0,1,"UV254/HOCl/Fe(III) [ion-effect, pH assumed=3]"
0,5,7,1.86,3,5,0,0,0,1,0,0,0,1,"UV254/HOCl/Fe(III) [ion-effect, pH assumed=3]"
0,5,7,1.86,3,5,0,0,0,0,1,0,0,1,"UV254/HOCl/Fe(III) [ion-effect, pH assumed=3]"
0,5,7,1.86,3,5,0,0,0,0,0,1,0,1,"UV254/HOCl/Fe(III) [ion-effect, pH assumed=3]"
0,5,7,1.86,3,5,0,0,0,0,0,0,1,1,"UV254/HOCl/Fe(III) [ion-effect, pH assumed=3]"
2,5,7,1.86,3,5,0,0,1,0,0,0,0,0.814191242,"UV254/HOCl/Fe(III) [ion-effect, pH assumed=3]"
2,5,7,1.86,3,5,0,0,0,1,0,0,0,0.814859152,"UV254/HOCl/Fe(III) [ion-effect, pH assumed=3]"
2,5,7,1.86,3,5,0,0,0,0,1,0,0,0.824795337,"UV254/HOCl/Fe(III) [ion-effect, pH assumed=3]"
2,5,7,1.86,3,5,0,0,0,0,0,1,0,0.857460642,"UV254/HOCl/Fe(III) [ion-effect, pH assumed=3]"
2,5,7,1.86,3,5,0,0,0,0,0,0,1,0.899820482,"UV254/HOCl/Fe(III) [ion-effect, pH assumed=3]"
4,5,7,1.86,3,5,0,0,1,0,0,0,0,0.662907378,"UV254/HOCl/Fe(III) [ion-effect, pH assumed=3]"
4,5,7,1.86,3,5,0,0,0,1,0,0,0,0.663995438,"UV254/HOCl/Fe(III) [ion-effect, pH assumed=3]"
4,5,7,1.86,3,5,0,0,0,0,1,0,0,0.680287348,"UV254/HOCl/Fe(III) [ion-effect, pH assumed=3]"
4,5,7,1.86,3,5,0,0,0,0,0,1,0,0.735238752,"UV254/HOCl/Fe(III) [ion-effect, pH assumed=3]"
4,5,7,1.86,3,5,0,0,0,0,0,0,1,0.8096769,"UV254/HOCl/Fe(III) [ion-effect, pH assumed=3]"
6,5,7,1.86,3,5,0,0,1,0,0,0,0,0.539733381,"UV254/HOCl/Fe(III) [ion-effect, pH assumed=3]"
6,5,7,1.86,3,5,0,0,0,1,0,0,0,0.54106276,"UV254/HOCl/Fe(III) [ion-effect, pH assumed=3]"
6,5,7,1.86,3,5,0,0,0,0,1,0,0,0.561097832,"UV254/HOCl/Fe(III) [ion-effect, pH assumed=3]"
6,5,7,1.86,3,5,0,0,0,0,0,1,0,0.630438292,"UV254/HOCl/Fe(III) [ion-effect, pH assumed=3]"
6,5,7,1.86,3,5,0,0,0,0,0,0,1,0.728563858,"UV254/HOCl/Fe(III) [ion-effect, pH assumed=3]"
8,5,7,1.86,3,5,0,0,1,0,0,0,0,0.439446192,"UV254/HOCl/Fe(III) [ion-effect, pH assumed=3]"
8,5,7,1.86,3,5,0,0,0,1,0,0,0,0.440889942,"UV254/HOCl/Fe(III) [ion-effect, pH assumed=3]"
8,5,7,1.86,3,5,0,0,0,0,1,0,0,0.462790875,"UV254/HOCl/Fe(III) [ion-effect, pH assumed=3]"
8,5,7,1.86,3,5,0,0,0,0,0,1,0,0.540576022,"UV254/HOCl/Fe(III) [ion-effect, pH assumed=3]"
8,5,7,1.86,3,5,0,0,0,0,0,0,1,0.655576682,"UV254/HOCl/Fe(III) [ion-effect, pH assumed=3]"
10,5,7,1.86,3,5,0,0,1,0,0,0,0,0.35779324,"UV254/HOCl/Fe(III) [ion-effect, pH assumed=3]"
10,5,7,1.86,3,5,0,0,0,1,0,0,0,0.359263204,"UV254/HOCl/Fe(III) [ion-effect, pH assumed=3]"
10,5,7,1.86,3,5,0,0,0,0,1,0,0,0.381707756,"UV254/HOCl/Fe(III) [ion-effect, pH assumed=3]"
10,5,7,1.86,3,5,0,0,0,0,0,1,0,0.463522663,"UV254/HOCl/Fe(III) [ion-effect, pH assumed=3]"
10,5,7,1.86,3,5,0,0,0,0,0,0,1,0.589901326,"UV254/HOCl/Fe(III) [ion-effect, pH assumed=3]"
12,5,7,1.86,3,5,0,0,1,0,0,0,0,0.291312123,"UV254/HOCl/Fe(III) [ion-effect, pH assumed=3]"
12,5,7,1.86,3,5,0,0,0,1,0,0,0,0.29274891,"UV254/HOCl/Fe(III) [ion-effect, pH assumed=3]"
12,5,7,1.86,3,5,0,0,0,0,1,0,0,0.314830777,"UV254/HOCl/Fe(III) [ion-effect, pH assumed=3]"
12,5,7,1.86,3,5,0,0,0,0,0,1,0,0.39745244,"UV254/HOCl/Fe(III) [ion-effect, pH assumed=3]"
12,5,7,1.86,3,5,0,0,0,0,0,0,1,0.530805296,"UV254/HOCl/Fe(III) [ion-effect, pH assumed=3]"
0,5,7,1.86,3,10,0,0,1,0,0,0,0,1,"UV254/HOCl/Fe(III) [ion-effect, pH assumed=3]"
0,5,7,1.86,3,10,0,0,0,1,0,0,0,1,"UV254/HOCl/Fe(III) [ion-effect, pH assumed=3]"
0,5,7,1.86,3,10,0,0,0,0,1,0,0,1,"UV254/HOCl/Fe(III) [ion-effect, pH assumed=3]"
0,5,7,1.86,3,10,0,0,0,0,0,1,0,1,"UV254/HOCl/Fe(III) [ion-effect, pH assumed=3]"
0,5,7,1.86,3,10,0,0,0,0,0,0,1,1,"UV254/HOCl/Fe(III) [ion-effect, pH assumed=3]"
2,5,7,1.86,3,10,0,0,1,0,0,0,0,0.853218167,"UV254/HOCl/Fe(III) [ion-effect, pH assumed=3]"
2,5,7,1.86,3,10,0,0,0,1,0,0,0,0.846318088,"UV254/HOCl/Fe(III) [ion-effect, pH assumed=3]"
2,5,7,1.86,3,10,0,0,0,0,1,0,0,0.848570593,"UV254/HOCl/Fe(III) [ion-effect, pH assumed=3]"
2,5,7,1.86,3,10,0,0,0,0,0,1,0,0.890208121,"UV254/HOCl/Fe(III) [ion-effect, pH assumed=3]"
2,5,7,1.86,3,10,0,0,0,0,0,0,1,0.929377753,"UV254/HOCl/Fe(III) [ion-effect, pH assumed=3]"
4,5,7,1.86,3,10,0,0,1,0,0,0,0,0.72798124,"UV254/HOCl/Fe(III) [ion-effect, pH assumed=3]"
4,5,7,1.86,3,10,0,0,0,1,0,0,0,0.716254305,"UV254/HOCl/Fe(III) [ion-effect, pH assumed=3]"
4,5,7,1.86,3,10,0,0,0,0,1,0,0,0.720072052,"UV254/HOCl/Fe(III) [ion-effect, pH assumed=3]"
4,5,7,1.86,3,10,0,0,0,0,0,1,0,0.792470498,"UV254/HOCl/Fe(III) [ion-effect, pH assumed=3]"
4,5,7,1.86,3,10,0,0,0,0,0,0,1,0.863743007,"UV254/HOCl/Fe(III) [ion-effect, pH assumed=3]"
6,5,7,1.86,3,10,0,0,1,0,0,0,0,0.621126819,"UV254/HOCl/Fe(III) [ion-effect, pH assumed=3]"
6,5,7,1.86,3,10,0,0,0,1,0,0,0,0.606178974,"UV254/HOCl/Fe(III) [ion-effect, pH assumed=3]"
6,5,7,1.86,3,10,0,0,0,0,1,0,0,0.611031968,"UV254/HOCl/Fe(III) [ion-effect, pH assumed=3]"
6,5,7,1.86,3,10,0,0,0,0,0,1,0,0.705463673,"UV254/HOCl/Fe(III) [ion-effect, pH assumed=3]"
6,5,7,1.86,3,10,0,0,0,0,0,0,1,0.802743535,"UV254/HOCl/Fe(III) [ion-effect, pH assumed=3]"
8,5,7,1.86,3,10,0,0,1,0,0,0,0,0.529956686,"UV254/HOCl/Fe(III) [ion-effect, pH assumed=3]"
8,5,7,1.86,3,10,0,0,0,1,0,0,0,0.51302023,"UV254/HOCl/Fe(III) [ion-effect, pH assumed=3]"
8,5,7,1.86,3,10,0,0,0,0,1,0,0,0.51850376,"UV254/HOCl/Fe(III) [ion-effect, pH assumed=3]"
8,5,7,1.86,3,10,0,0,0,0,0,1,0,0.628009491,"UV254/HOCl/Fe(III) [ion-effect, pH assumed=3]"
8,5,7,1.86,3,10,0,0,0,0,0,0,1,0.746051982,"UV254/HOCl/Fe(III) [ion-effect, pH assumed=3]"
10,5,7,1.86,3,10,0,0,1,0,0,0,0,0.452168672,"UV254/HOCl/Fe(III) [ion-effect, pH assumed=3]"
10,5,7,1.86,3,10,0,0,0,1,0,0,0,0.4341783,"UV254/HOCl/Fe(III) [ion-effect, pH assumed=3]"
10,5,7,1.86,3,10,0,0,0,0,1,0,0,0.439987043,"UV254/HOCl/Fe(III) [ion-effect, pH assumed=3]"
10,5,7,1.86,3,10,0,0,0,0,0,1,0,0.559059149,"UV254/HOCl/Fe(III) [ion-effect, pH assumed=3]"
10,5,7,1.86,3,10,0,0,0,0,0,0,1,0.693364115,"UV254/HOCl/Fe(III) [ion-effect, pH assumed=3]"
12,5,7,1.86,3,10,0,0,1,0,0,0,0,0.385798526,"UV254/HOCl/Fe(III) [ion-effect, pH assumed=3]"
12,5,7,1.86,3,10,0,0,0,1,0,0,0,0.367452948,"UV254/HOCl/Fe(III) [ion-effect, pH assumed=3]"
12,5,7,1.86,3,10,0,0,0,0,1,0,0,0.373360066,"UV254/HOCl/Fe(III) [ion-effect, pH assumed=3]"
12,5,7,1.86,3,10,0,0,0,0,0,1,0,0.497678994,"UV254/HOCl/Fe(III) [ion-effect, pH assumed=3]"
12,5,7,1.86,3,10,0,0,0,0,0,0,1,0.644397182,"UV254/HOCl/Fe(III) [ion-effect, pH assumed=3]"
0,5,7,1.86,3,0,0,2,1,0,0,0,0,1,"UV254/HOCl/Fe(III) [ion-effect, pH assumed=3]"
0,5,7,1.86,3,0,0,2,0,1,0,0,0,1,"UV254/HOCl/Fe(III) [ion-effect, pH assumed=3]"
0,5,7,1.86,3,0,0,2,0,0,1,0,0,1,"UV254/HOCl/Fe(III) [ion-effect, pH assumed=3]"
0,5,7,1.86,3,0,0,2,0,0,0,1,0,1,"UV254/HOCl/Fe(III) [ion-effect, pH assumed=3]"
0,5,7,1.86,3,0,0,2,0,0,0,0,1,1,"UV254/HOCl/Fe(III) [ion-effect, pH assumed=3]"
2,5,7,1.86,3,0,0,2,1,0,0,0,0,0.898741345,"UV254/HOCl/Fe(III) [ion-effect, pH assumed=3]"
2,5,7,1.86,3,0,0,2,0,1,0,0,0,0.896335943,"UV254/HOCl/Fe(III) [ion-effect, pH assumed=3]"
2,5,7,1.86,3,0,0,2,0,0,1,0,0,0.895708727,"UV254/HOCl/Fe(III) [ion-effect, pH assumed=3]"
2,5,7,1.86,3,0,0,2,0,0,0,1,0,0.927112835,"UV254/HOCl/Fe(III) [ion-effect, pH assumed=3]"
2,5,7,1.86,3,0,0,2,0,0,0,0,1,0.960040316,"UV254/HOCl/Fe(III) [ion-effect, pH assumed=3]"
4,5,7,1.86,3,0,0,2,1,0,0,0,0,0.807736005,"UV254/HOCl/Fe(III) [ion-effect, pH assumed=3]"
4,5,7,1.86,3,0,0,2,0,1,0,0,0,0.803418123,"UV254/HOCl/Fe(III) [ion-effect, pH assumed=3]"
4,5,7,1.86,3,0,0,2,0,0,1,0,0,0.802294124,"UV254/HOCl/Fe(III) [ion-effect, pH assumed=3]"
4,5,7,1.86,3,0,0,2,0,0,0,1,0,0.859538209,"UV254/HOCl/Fe(III) [ion-effect, pH assumed=3]"
4,5,7,1.86,3,0,0,2,0,0,0,0,1,0.921677408,"UV254/HOCl/Fe(III) [ion-effect, pH assumed=3]"
6,5,7,1.86,3,0,0,2,1,0,0,0,0,0.725945744,"UV254/HOCl/Fe(III) [ion-effect, pH assumed=3]"
6,5,7,1.86,3,0,0,2,0,1,0,0,0,0.72013254,"UV254/HOCl/Fe(III) [ion-effect, pH assumed=3]"
6,5,7,1.86,3,0,0,2,0,0,1,0,0,0.718621849,"UV254/HOCl/Fe(III) [ion-effect, pH assumed=3]"
6,5,7,1.86,3,0,0,2,0,0,0,1,0,0.796888906,"UV254/HOCl/Fe(III) [ion-effect, pH assumed=3]"
6,5,7,1.86,3,0,0,2,0,0,0,0,1,0.884847469,"UV254/HOCl/Fe(III) [ion-effect, pH assumed=3]"
8,5,7,1.86,3,0,0,2,1,0,0,0,0,0.652437454,"UV254/HOCl/Fe(III) [ion-effect, pH assumed=3]"
8,5,7,1.86,3,0,0,2,0,1,0,0,0,0.64548068,"UV254/HOCl/Fe(III) [ion-effect, pH assumed=3]"
8,5,7,1.86,3,0,0,2,0,0,1,0,0,0.643675862,"UV254/HOCl/Fe(III) [ion-effect, pH assumed=3]"
8,5,7,1.86,3,0,0,2,0,0,0,1,0,0.738805933,"UV254/HOCl/Fe(III) [ion-effect, pH assumed=3]"
8,5,7,1.86,3,0,0,2,0,0,0,0,1,0.849489244,"UV254/HOCl/Fe(III) [ion-effect, pH assumed=3]"
10,5,7,1.86,3,0,0,2,1,0,0,0,0,0.586372515,"UV254/HOCl/Fe(III) [ion-effect, pH assumed=3]"
10,5,7,1.86,3,0,0,2,0,1,0,0,0,0.578567534,"UV254/HOCl/Fe(III) [ion-effect, pH assumed=3]"
10,5,7,1.86,3,0,0,2,0,0,1,0,0,0.576546087,"UV254/HOCl/Fe(III) [ion-effect, pH assumed=3]"
10,5,7,1.86,3,0,0,2,0,0,0,1,0,0.684956463,"UV254/HOCl/Fe(III) [ion-effect, pH assumed=3]"
10,5,7,1.86,3,0,0,2,0,0,0,0,1,0.815543922,"UV254/HOCl/Fe(III) [ion-effect, pH assumed=3]"
12,5,7,1.86,3,0,0,2,1,0,0,0,0,0.526997223,"UV254/HOCl/Fe(III) [ion-effect, pH assumed=3]"
12,5,7,1.86,3,0,0,2,0,1,0,0,0,0.518590876,"UV254/HOCl/Fe(III) [ion-effect, pH assumed=3]"
12,5,7,1.86,3,0,0,2,0,0,1,0,0,0.516417362,"UV254/HOCl/Fe(III) [ion-effect, pH assumed=3]"
12,5,7,1.86,3,0,0,2,0,0,0,1,0,0.635031929,"UV254/HOCl/Fe(III) [ion-effect, pH assumed=3]"
12,5,7,1.86,3,0,0,2,0,0,0,0,1,0.782955044,"UV254/HOCl/Fe(III) [ion-effect, pH assumed=3]"
0,5,7,1.86,3,0,0,3,1,0,0,0,0,1,"UV254/HOCl/Fe(III) [ion-effect, pH assumed=3]"
0,5,7,1.86,3,0,0,3,0,1,0,0,0,1,"UV254/HOCl/Fe(III) [ion-effect, pH assumed=3]"
0,5,7,1.86,3,0,0,3,0,0,1,0,0,1,"UV254/HOCl/Fe(III) [ion-effect, pH assumed=3]"
0,5,7,1.86,3,0,0,3,0,0,0,1,0,1,"UV254/HOCl/Fe(III) [ion-effect, pH assumed=3]"
0,5,7,1.86,3,0,0,3,0,0,0,0,1,1,"UV254/HOCl/Fe(III) [ion-effect, pH assumed=3]"
2,5,7,1.86,3,0,0,3,1,0,0,0,0,0.932151429,"UV254/HOCl/Fe(III) [ion-effect, pH assumed=3]"
2,5,7,1.86,3,0,0,3,0,1,0,0,0,0.92705721,"UV254/HOCl/Fe(III) [ion-effect, pH assumed=3]"
2,5,7,1.86,3,0,0,3,0,0,1,0,0,0.924797948,"UV254/HOCl/Fe(III) [ion-effect, pH assumed=3]"
2,5,7,1.86,3,0,0,3,0,0,0,1,0,0.952009753,"UV254/HOCl/Fe(III) [ion-effect, pH assumed=3]"
2,5,7,1.86,3,0,0,3,0,0,0,0,1,0.975856239,"UV254/HOCl/Fe(III) [ion-effect, pH assumed=3]"
4,5,7,1.86,3,0,0,3,1,0,0,0,0,0.868906287,"UV254/HOCl/Fe(III) [ion-effect, pH assumed=3]"
4,5,7,1.86,3,0,0,3,0,1,0,0,0,0.859435071,"UV254/HOCl/Fe(III) [ion-effect, pH assumed=3]"
4,5,7,1.86,3,0,0,3,0,0,1,0,0,0.855251244,"UV254/HOCl/Fe(III) [ion-effect, pH assumed=3]"
4,5,7,1.86,3,0,0,3,0,0,0,1,0,0.906322569,"UV254/HOCl/Fe(III) [ion-effect, pH assumed=3]"
4,5,7,1.86,3,0,0,3,0,0,0,0,1,0.952295398,"UV254/HOCl/Fe(III) [ion-effect, pH assumed=3]"
6,5,7,1.86,3,0,0,3,1,0,0,0,0,0.809952237,"UV254/HOCl/Fe(III) [ion-effect, pH assumed=3]"
6,5,7,1.86,3,0,0,3,0,1,0,0,0,0.796745479,"UV254/HOCl/Fe(III) [ion-effect, pH assumed=3]"
6,5,7,1.86,3,0,0,3,0,0,1,0,0,0.790934596,"UV254/HOCl/Fe(III) [ion-effect, pH assumed=3]"
6,5,7,1.86,3,0,0,3,0,0,0,1,0,0.862827925,"UV254/HOCl/Fe(III) [ion-effect, pH assumed=3]"
6,5,7,1.86,3,0,0,3,0,0,0,0,1,0.929303405,"UV254/HOCl/Fe(III) [ion-effect, pH assumed=3]"
8,5,7,1.86,3,0,0,3,1,0,0,0,0,0.754998135,"UV254/HOCl/Fe(III) [ion-effect, pH assumed=3]"
8,5,7,1.86,3,0,0,3,0,1,0,0,0,0.738628641,"UV254/HOCl/Fe(III) [ion-effect, pH assumed=3]"
8,5,7,1.86,3,0,0,3,0,0,1,0,0,0.731454691,"UV254/HOCl/Fe(III) [ion-effect, pH assumed=3]"
8,5,7,1.86,3,0,0,3,0,0,0,1,0,0.821420599,"UV254/HOCl/Fe(III) [ion-effect, pH assumed=3]"
8,5,7,1.86,3,0,0,3,0,0,0,0,1,0.906866526,"UV254/HOCl/Fe(III) [ion-effect, pH assumed=3]"
10,5,7,1.86,3,0,0,3,1,0,0,0,0,0.70377259,"UV254/HOCl/Fe(III) [ion-effect, pH assumed=3]"
10,5,7,1.86,3,0,0,3,0,1,0,0,0,0.684751007,"UV254/HOCl/Fe(III) [ion-effect, pH assumed=3]"
10,5,7,1.86,3,0,0,3,0,0,1,0,0,0.676447797,"UV254/HOCl/Fe(III) [ion-effect, pH assumed=3]"
10,5,7,1.86,3,0,0,3,0,0,0,1,0,0.782000421,"UV254/HOCl/Fe(III) [ion-effect, pH assumed=3]"
10,5,7,1.86,3,0,0,3,0,0,0,0,1,0.884971357,"UV254/HOCl/Fe(III) [ion-effect, pH assumed=3]"
12,5,7,1.86,3,0,0,3,1,0,0,0,0,0.656022626,"UV254/HOCl/Fe(III) [ion-effect, pH assumed=3]"
12,5,7,1.86,3,0,0,3,0,1,0,0,0,0.634803358,"UV254/HOCl/Fe(III) [ion-effect, pH assumed=3]"
12,5,7,1.86,3,0,0,3,0,0,1,0,0,0.625577535,"UV254/HOCl/Fe(III) [ion-effect, pH assumed=3]"
12,5,7,1.86,3,0,0,3,0,0,0,1,0,0.744472027,"UV254/HOCl/Fe(III) [ion-effect, pH assumed=3]"
12,5,7,1.86,3,0,0,3,0,0,0,0,1,0.863604819,"UV254/HOCl/Fe(III) [ion-effect, pH assumed=3]"
0,5,7,1.86,3,0,0,5,1,0,0,0,0,1,"UV254/HOCl/Fe(III) [ion-effect, pH assumed=3]"
0,5,7,1.86,3,0,0,5,0,1,0,0,0,1,"UV254/HOCl/Fe(III) [ion-effect, pH assumed=3]"
0,5,7,1.86,3,0,0,5,0,0,1,0,0,1,"UV254/HOCl/Fe(III) [ion-effect, pH assumed=3]"
0,5,7,1.86,3,0,0,5,0,0,0,1,0,1,"UV254/HOCl/Fe(III) [ion-effect, pH assumed=3]"
0,5,7,1.86,3,0,0,5,0,0,0,0,1,1,"UV254/HOCl/Fe(III) [ion-effect, pH assumed=3]"
2,5,7,1.86,3,0,0,5,1,0,0,0,0,0.957815604,"UV254/HOCl/Fe(III) [ion-effect, pH assumed=3]"
2,5,7,1.86,3,0,0,5,0,1,0,0,0,0.956246073,"UV254/HOCl/Fe(III) [ion-effect, pH assumed=3]"
2,5,7,1.86,3,0,0,5,0,0,1,0,0,0.956456471,"UV254/HOCl/Fe(III) [ion-effect, pH assumed=3]"
2,5,7,1.86,3,0,0,5,0,0,0,1,0,0.953267235,"UV254/HOCl/Fe(III) [ion-effect, pH assumed=3]"
2,5,7,1.86,3,0,0,5,0,0,0,0,1,0.986353963,"UV254/HOCl/Fe(III) [ion-effect, pH assumed=3]"
4,5,7,1.86,3,0,0,5,1,0,0,0,0,0.917410731,"UV254/HOCl/Fe(III) [ion-effect, pH assumed=3]"
4,5,7,1.86,3,0,0,5,0,1,0,0,0,0.914406553,"UV254/HOCl/Fe(III) [ion-effect, pH assumed=3]"
4,5,7,1.86,3,0,0,5,0,0,1,0,0,0.91480898,"UV254/HOCl/Fe(III) [ion-effect, pH assumed=3]"
4,5,7,1.86,3,0,0,5,0,0,0,1,0,0.908718422,"UV254/HOCl/Fe(III) [ion-effect, pH assumed=3]"
4,5,7,1.86,3,0,0,5,0,0,0,0,1,0.97289414,"UV254/HOCl/Fe(III) [ion-effect, pH assumed=3]"
6,5,7,1.86,3,0,0,5,1,0,0,0,0,0.878710313,"UV254/HOCl/Fe(III) [ion-effect, pH assumed=3]"
6,5,7,1.86,3,0,0,5,0,1,0,0,0,0.874397676,"UV254/HOCl/Fe(III) [ion-effect, pH assumed=3]"
6,5,7,1.86,3,0,0,5,0,0,1,0,0,0.874974969,"UV254/HOCl/Fe(III) [ion-effect, pH assumed=3]"
6,5,7,1.86,3,0,0,5,0,0,0,1,0,0.866251497,"UV254/HOCl/Fe(III) [ion-effect, pH assumed=3]"
6,5,7,1.86,3,0,0,5,0,0,0,0,1,0.959617991,"UV254/HOCl/Fe(III) [ion-effect, pH assumed=3]"
8,5,7,1.86,3,0,0,5,1,0,0,0,0,0.841642449,"UV254/HOCl/Fe(III) [ion-effect, pH assumed=3]"
8,5,7,1.86,3,0,0,5,0,1,0,0,0,0.836139344,"UV254/HOCl/Fe(III) [ion-effect, pH assumed=3]"
8,5,7,1.86,3,0,0,5,0,0,1,0,0,0.836875471,"UV254/HOCl/Fe(III) [ion-effect, pH assumed=3]"
8,5,7,1.86,3,0,0,5,0,0,0,1,0,0.82576917,"UV254/HOCl/Fe(III) [ion-effect, pH assumed=3]"
8,5,7,1.86,3,0,0,5,0,0,0,0,1,0.946523008,"UV254/HOCl/Fe(III) [ion-effect, pH assumed=3]"
10,5,7,1.86,3,0,0,5,1,0,0,0,0,0.80613827,"UV254/HOCl/Fe(III) [ion-effect, pH assumed=3]"
10,5,7,1.86,3,0,0,5,0,1,0,0,0,0.799554965,"UV254/HOCl/Fe(III) [ion-effect, pH assumed=3]"
10,5,7,1.86,3,0,0,5,0,0,1,0,0,0.800434959,"UV254/HOCl/Fe(III) [ion-effect, pH assumed=3]"
10,5,7,1.86,3,0,0,5,0,0,0,1,0,0.787178693,"UV254/HOCl/Fe(III) [ion-effect, pH assumed=3]"
10,5,7,1.86,3,0,0,5,0,0,0,0,1,0.93360672,"UV254/HOCl/Fe(III) [ion-effect, pH assumed=3]"
12,5,7,1.86,3,0,0,5,1,0,0,0,0,0.772131814,"UV254/HOCl/Fe(III) [ion-effect, pH assumed=3]"
12,5,7,1.86,3,0,0,5,0,1,0,0,0,0.764571296,"UV254/HOCl/Fe(III) [ion-effect, pH assumed=3]"
12,5,7,1.86,3,0,0,5,0,0,1,0,0,0.765581196,"UV254/HOCl/Fe(III) [ion-effect, pH assumed=3]"
12,5,7,1.86,3,0,0,5,0,0,0,1,0,0.750391657,"UV254/HOCl/Fe(III) [ion-effect, pH assumed=3]"
12,5,7,1.86,3,0,0,5,0,0,0,0,1,0.920866688,"UV254/HOCl/Fe(III) [ion-effect, pH assumed=3]"
0,5,7,1.86,3,0,2,0,1,0,0,0,0,1,"UV254/HOCl/Fe(III) [measured, SO4=2.0mM]"
0,5,7,1.86,3,0,2,0,0,1,0,0,0,1,"UV254/HOCl/Fe(III) [measured, SO4=2.0mM]"
0,5,7,1.86,3,0,2,0,0,0,0,0,1,1,"UV254/HOCl/Fe(III) [measured, SO4=2.0mM]"
0,5,7,1.86,3,0,2,0,0,0,1,0,0,1,"UV254/HOCl/Fe(III) [measured, SO4=2.0mM]"
0,5,7,1.86,3,0,2,0,0,0,0,1,0,1,"UV254/HOCl/Fe(III) [measured, SO4=2.0mM]"
2,5,7,1.86,3,0,2,0,1,0,0,0,0,0.734641442,"UV254/HOCl/Fe(III) [measured, SO4=2.0mM]"
2,5,7,1.86,3,0,2,0,0,1,0,0,0,0.755936426,"UV254/HOCl/Fe(III) [measured, SO4=2.0mM]"
2,5,7,1.86,3,0,2,0,0,0,0,0,1,0.781493949,"UV254/HOCl/Fe(III) [measured, SO4=2.0mM]"
2,5,7,1.86,3,0,2,0,0,0,1,0,0,0.811034165,"UV254/HOCl/Fe(III) [measured, SO4=2.0mM]"
2,5,7,1.86,3,0,2,0,0,0,0,1,0,0.857872769,"UV254/HOCl/Fe(III) [measured, SO4=2.0mM]"
4,5,7,1.86,3,0,2,0,1,0,0,0,0,0.539698048,"UV254/HOCl/Fe(III) [measured, SO4=2.0mM]"
4,5,7,1.86,3,0,2,0,0,1,0,0,0,0.571439881,"UV254/HOCl/Fe(III) [measured, SO4=2.0mM]"
4,5,7,1.86,3,0,2,0,0,0,0,0,1,0.610732793,"UV254/HOCl/Fe(III) [measured, SO4=2.0mM]"
4,5,7,1.86,3,0,2,0,0,0,1,0,0,0.657776417,"UV254/HOCl/Fe(III) [measured, SO4=2.0mM]"
4,5,7,1.86,3,0,2,0,0,0,0,1,0,0.735945688,"UV254/HOCl/Fe(III) [measured, SO4=2.0mM]"
6,5,7,1.86,3,0,2,0,1,0,0,0,0,0.396484552,"UV254/HOCl/Fe(III) [measured, SO4=2.0mM]"
6,5,7,1.86,3,0,2,0,0,1,0,0,0,0.431972221,"UV254/HOCl/Fe(III) [measured, SO4=2.0mM]"
6,5,7,1.86,3,0,2,0,0,0,0,0,1,0.477283983,"UV254/HOCl/Fe(III) [measured, SO4=2.0mM]"
6,5,7,1.86,3,0,2,0,0,0,1,0,0,0.533479147,"UV254/HOCl/Fe(III) [measured, SO4=2.0mM]"
6,5,7,1.86,3,0,2,0,0,0,0,1,0,0.631347765,"UV254/HOCl/Fe(III) [measured, SO4=2.0mM]"
8,5,7,1.86,3,0,2,0,1,0,0,0,0,0.291273983,"UV254/HOCl/Fe(III) [measured, SO4=2.0mM]"
8,5,7,1.86,3,0,2,0,0,1,0,0,0,0.326543537,"UV254/HOCl/Fe(III) [measured, SO4=2.0mM]"
8,5,7,1.86,3,0,2,0,0,0,0,0,1,0.372994545,"UV254/HOCl/Fe(III) [measured, SO4=2.0mM]"
8,5,7,1.86,3,0,2,0,0,0,1,0,0,0.432669814,"UV254/HOCl/Fe(III) [measured, SO4=2.0mM]"
8,5,7,1.86,3,0,2,0,0,0,0,1,0,0.541616055,"UV254/HOCl/Fe(III) [measured, SO4=2.0mM]"
10,5,7,1.86,3,0,2,0,1,0,0,0,0,0.213981939,"UV254/HOCl/Fe(III) [measured, SO4=2.0mM]"
10,5,7,1.86,3,0,2,0,0,1,0,0,0,0.246846155,"UV254/HOCl/Fe(III) [measured, SO4=2.0mM]"
10,5,7,1.86,3,0,2,0,0,0,0,0,1,0.29149298,"UV254/HOCl/Fe(III) [measured, SO4=2.0mM]"
10,5,7,1.86,3,0,2,0,0,0,1,0,0,0.350910001,"UV254/HOCl/Fe(III) [measured, SO4=2.0mM]"
10,5,7,1.86,3,0,2,0,0,0,0,1,0,0.464637665,"UV254/HOCl/Fe(III) [measured, SO4=2.0mM]"
12,5,7,1.86,3,0,2,0,1,0,0,0,0,0.1572,"UV254/HOCl/Fe(III) [measured, SO4=2.0mM]"
12,5,7,1.86,3,0,2,0,0,1,0,0,0,0.1866,"UV254/HOCl/Fe(III) [measured, SO4=2.0mM]"
12,5,7,1.86,3,0,2,0,0,0,0,0,1,0.2278,"UV254/HOCl/Fe(III) [measured, SO4=2.0mM]"
12,5,7,1.86,3,0,2,0,0,0,1,0,0,0.2846,"UV254/HOCl/Fe(III) [measured, SO4=2.0mM]"
12,5,7,1.86,3,0,2,0,0,0,0,1,0,0.3986,"UV254/HOCl/Fe(III) [measured, SO4=2.0mM]"
0,5,7,1.86,3,0,4,0,1,0,0,0,0,1,"UV254/HOCl/Fe(III) [measured, SO4=4.0mM]"
0,5,7,1.86,3,0,4,0,0,1,0,0,0,1,"UV254/HOCl/Fe(III) [measured, SO4=4.0mM]"
0,5,7,1.86,3,0,4,0,0,0,0,0,1,1,"UV254/HOCl/Fe(III) [measured, SO4=4.0mM]"
0,5,7,1.86,3,0,4,0,0,0,1,0,0,1,"UV254/HOCl/Fe(III) [measured, SO4=4.0mM]"
0,5,7,1.86,3,0,4,0,0,0,0,1,0,1,"UV254/HOCl/Fe(III) [measured, SO4=4.0mM]"
2,5,7,1.86,3,0,4,0,1,0,0,0,0,0.747465376,"UV254/HOCl/Fe(III) [measured, SO4=4.0mM]"
2,5,7,1.86,3,0,4,0,0,1,0,0,0,0.766750293,"UV254/HOCl/Fe(III) [measured, SO4=4.0mM]"
2,5,7,1.86,3,0,4,0,0,0,0,0,1,0.790169197,"UV254/HOCl/Fe(III) [measured, SO4=4.0mM]"
2,5,7,1.86,3,0,4,0,0,0,1,0,0,0.821117068,"UV254/HOCl/Fe(III) [measured, SO4=4.0mM]"
2,5,7,1.86,3,0,4,0,0,0,0,1,0,0.864418494,"UV254/HOCl/Fe(III) [measured, SO4=4.0mM]"
4,5,7,1.86,3,0,4,0,1,0,0,0,0,0.558704488,"UV254/HOCl/Fe(III) [measured, SO4=4.0mM]"
4,5,7,1.86,3,0,4,0,0,1,0,0,0,0.587906012,"UV254/HOCl/Fe(III) [measured, SO4=4.0mM]"
4,5,7,1.86,3,0,4,0,0,0,0,0,1,0.62436736,"UV254/HOCl/Fe(III) [measured, SO4=4.0mM]"
4,5,7,1.86,3,0,4,0,0,0,1,0,0,0.67423324,"UV254/HOCl/Fe(III) [measured, SO4=4.0mM]"
4,5,7,1.86,3,0,4,0,0,0,0,1,0,0.747219333,"UV254/HOCl/Fe(III) [measured, SO4=4.0mM]"
6,5,7,1.86,3,0,4,0,1,0,0,0,0,0.41761226,"UV254/HOCl/Fe(III) [measured, SO4=4.0mM]"
6,5,7,1.86,3,0,4,0,0,1,0,0,0,0.450777107,"UV254/HOCl/Fe(III) [measured, SO4=4.0mM]"
6,5,7,1.86,3,0,4,0,0,0,0,0,1,0.493355855,"UV254/HOCl/Fe(III) [measured, SO4=4.0mM]"
6,5,7,1.86,3,0,4,0,0,0,1,0,0,0.553624421,"UV254/HOCl/Fe(III) [measured, SO4=4.0mM]"
6,5,7,1.86,3,0,4,0,0,0,0,1,0,0.64591021,"UV254/HOCl/Fe(III) [measured, SO4=4.0mM]"
8,5,7,1.86,3,0,4,0,1,0,0,0,0,0.312150705,"UV254/HOCl/Fe(III) [measured, SO4=4.0mM]"
8,5,7,1.86,3,0,4,0,0,1,0,0,0,0.345633479,"UV254/HOCl/Fe(III) [measured, SO4=4.0mM]"
8,5,7,1.86,3,0,4,0,0,0,0,0,1,0.3898346,"UV254/HOCl/Fe(III) [measured, SO4=4.0mM]"
8,5,7,1.86,3,0,4,0,0,0,1,0,0,0.454590462,"UV254/HOCl/Fe(III) [measured, SO4=4.0mM]"
8,5,7,1.86,3,0,4,0,0,0,0,1,0,0.558336731,"UV254/HOCl/Fe(III) [measured, SO4=4.0mM]"
10,5,7,1.86,3,0,4,0,1,0,0,0,0,0.233321844,"UV254/HOCl/Fe(III) [measured, SO4=4.0mM]"
10,5,7,1.86,3,0,4,0,0,1,0,0,0,0.265014571,"UV254/HOCl/Fe(III) [measured, SO4=4.0mM]"
10,5,7,1.86,3,0,4,0,0,0,0,0,1,0.308035293,"UV254/HOCl/Fe(III) [measured, SO4=4.0mM]"
10,5,7,1.86,3,0,4,0,0,0,1,0,0,0.373271987,"UV254/HOCl/Fe(III) [measured, SO4=4.0mM]"
10,5,7,1.86,3,0,4,0,0,0,0,1,0,0.482636597,"UV254/HOCl/Fe(III) [measured, SO4=4.0mM]"
12,5,7,1.86,3,0,4,0,1,0,0,0,0,0.1744,"UV254/HOCl/Fe(III) [measured, SO4=4.0mM]"
12,5,7,1.86,3,0,4,0,0,1,0,0,0,0.2032,"UV254/HOCl/Fe(III) [measured, SO4=4.0mM]"
12,5,7,1.86,3,0,4,0,0,0,0,0,1,0.2434,"UV254/HOCl/Fe(III) [measured, SO4=4.0mM]"
12,5,7,1.86,3,0,4,0,0,0,1,0,0,0.3065,"UV254/HOCl/Fe(III) [measured, SO4=4.0mM]"
12,5,7,1.86,3,0,4,0,0,0,0,1,0,0.4172,"UV254/HOCl/Fe(III) [measured, SO4=4.0mM]"
0,5,7,1.86,3,0,8,0,1,0,0,0,0,1,"UV254/HOCl/Fe(III) [measured, SO4=8.0mM]"
0,5,7,1.86,3,0,8,0,0,1,0,0,0,1,"UV254/HOCl/Fe(III) [measured, SO4=8.0mM]"
0,5,7,1.86,3,0,8,0,0,0,0,0,1,1,"UV254/HOCl/Fe(III) [measured, SO4=8.0mM]"
0,5,7,1.86,3,0,8,0,0,0,1,0,0,1,"UV254/HOCl/Fe(III) [measured, SO4=8.0mM]"
0,5,7,1.86,3,0,8,0,0,0,0,1,0,1,"UV254/HOCl/Fe(III) [measured, SO4=8.0mM]"
2,5,7,1.86,3,0,8,0,1,0,0,0,0,0.770232339,"UV254/HOCl/Fe(III) [measured, SO4=8.0mM]"
2,5,7,1.86,3,0,8,0,0,1,0,0,0,0.781665386,"UV254/HOCl/Fe(III) [measured, SO4=8.0mM]"
2,5,7,1.86,3,0,8,0,0,0,0,0,1,0.802350826,"UV254/HOCl/Fe(III) [measured, SO4=8.0mM]"
2,5,7,1.86,3,0,8,0,0,0,1,0,0,0.833665617,"UV254/HOCl/Fe(III) [measured, SO4=8.0mM]"
2,5,7,1.86,3,0,8,0,0,0,0,1,0,0.876811803,"UV254/HOCl/Fe(III) [measured, SO4=8.0mM]"
4,5,7,1.86,3,0,8,0,1,0,0,0,0,0.593257856,"UV254/HOCl/Fe(III) [measured, SO4=8.0mM]"
4,5,7,1.86,3,0,8,0,0,1,0,0,0,0.611000776,"UV254/HOCl/Fe(III) [measured, SO4=8.0mM]"
4,5,7,1.86,3,0,8,0,0,0,0,0,1,0.643766848,"UV254/HOCl/Fe(III) [measured, SO4=8.0mM]"
4,5,7,1.86,3,0,8,0,0,0,1,0,0,0.694998361,"UV254/HOCl/Fe(III) [measured, SO4=8.0mM]"
4,5,7,1.86,3,0,8,0,0,0,0,1,0,0.768798937,"UV254/HOCl/Fe(III) [measured, SO4=8.0mM]"
6,5,7,1.86,3,0,8,0,1,0,0,0,0,0.456946386,"UV254/HOCl/Fe(III) [measured, SO4=8.0mM]"
6,5,7,1.86,3,0,8,0,0,1,0,0,0,0.477598157,"UV254/HOCl/Fe(III) [measured, SO4=8.0mM]"
6,5,7,1.86,3,0,8,0,0,0,0,0,1,0.516526863,"UV254/HOCl/Fe(III) [measured, SO4=8.0mM]"
6,5,7,1.86,3,0,8,0,0,0,1,0,0,0.579396237,"UV254/HOCl/Fe(III) [measured, SO4=8.0mM]"
6,5,7,1.86,3,0,8,0,0,0,0,1,0,0.674091982,"UV254/HOCl/Fe(III) [measured, SO4=8.0mM]"
8,5,7,1.86,3,0,8,0,1,0,0,0,0,0.351954884,"UV254/HOCl/Fe(III) [measured, SO4=8.0mM]"
8,5,7,1.86,3,0,8,0,0,1,0,0,0,0.373321948,"UV254/HOCl/Fe(III) [measured, SO4=8.0mM]"
8,5,7,1.86,3,0,8,0,0,0,0,0,1,0.414435755,"UV254/HOCl/Fe(III) [measured, SO4=8.0mM]"
8,5,7,1.86,3,0,8,0,0,0,1,0,0,0.483022722,"UV254/HOCl/Fe(III) [measured, SO4=8.0mM]"
8,5,7,1.86,3,0,8,0,0,0,0,1,0,0.591051806,"UV254/HOCl/Fe(III) [measured, SO4=8.0mM]"
10,5,7,1.86,3,0,8,0,1,0,0,0,0,0.271087034,"UV254/HOCl/Fe(III) [measured, SO4=8.0mM]"
10,5,7,1.86,3,0,8,0,0,1,0,0,0,0.291812845,"UV254/HOCl/Fe(III) [measured, SO4=8.0mM]"
10,5,7,1.86,3,0,8,0,0,0,0,0,1,0.332522871,"UV254/HOCl/Fe(III) [measured, SO4=8.0mM]"
10,5,7,1.86,3,0,8,0,0,0,1,0,0,0.402679435,"UV254/HOCl/Fe(III) [measured, SO4=8.0mM]"
10,5,7,1.86,3,0,8,0,0,0,0,1,0,0.518241199,"UV254/HOCl/Fe(III) [measured, SO4=8.0mM]"
12,5,7,1.86,3,0,8,0,1,0,0,0,0,0.2088,"UV254/HOCl/Fe(III) [measured, SO4=8.0mM]"
12,5,7,1.86,3,0,8,0,0,1,0,0,0,0.2281,"UV254/HOCl/Fe(III) [measured, SO4=8.0mM]"
12,5,7,1.86,3,0,8,0,0,0,0,0,1,0.2668,"UV254/HOCl/Fe(III) [measured, SO4=8.0mM]"
12,5,7,1.86,3,0,8,0,0,0,1,0,0,0.3357,"UV254/HOCl/Fe(III) [measured, SO4=8.0mM]"
12,5,7,1.86,3,0,8,0,0,0,0,1,0,0.4544,"UV254/HOCl/Fe(III) [measured, SO4=8.0mM]"
